Timestamp,What social media did you use before COVID?,What social media do you use now?,Which platforms did you use for class/work related communication before COVID?,Which platforms do you use for class/work related communication now?
2/21/2021 19:59:22,"Facebook, Instagram, Snapchat","Facebook, Instagram, Snapchat, Twitter, TikTok, LinkedIn","Messenger, Email, Piazza, iMessage","Messenger, Email, Slack, Discord"
2/21/2021 20:04:31,"Facebook, Instagram, Snapchat, WeChat, Pinterest","Facebook, Instagram, Snapchat, TikTok, WeChat, Pinterest","Messenger, WhatsApp, Discord, Piazza, GroupMe, iMessage","Messenger, WhatsApp, Email, Slack, Discord, Piazza, Ed, GroupMe, iMessage"
2/21/2021 20:15:52,"Facebook, Instagram, Snapchat, Pinterest","Facebook, Instagram, Snapchat, TikTok, Pinterest, LinkedIn","Messenger, Email, Slack, Piazza","Messenger, Email, Slack, Discord, Piazza, Ed, GroupMe"
2/21/2021 20:23:40,Instagram,"Instagram, Twitter","Email, Slack","Email, Slack, Discord"
2/21/2021 20:43:37,"Facebook, Instagram, Snapchat, WeChat","Facebook, Instagram, Snapchat, TikTok, WeChat",Messenger,"WhatsApp, Slack, Discord"
2/21/2021 20:47:17,"Facebook, Instagram, Snapchat, WeChat","Facebook, Instagram, Snapchat, TikTok, WeChat",iMessage,"WhatsApp, Discord, GroupMe, iMessage"
2/21/2021 20:51:47,"Facebook, Instagram, Snapchat, Twitter, TikTok","Snapchat, Twitter, TikTok","Email, iMessage","Email, iMessage"
2/21/2021 20:51:55,"Facebook, Instagram, Snapchat, TikTok","Facebook, Instagram, Snapchat, TikTok","Messenger, WhatsApp","Messenger, WhatsApp"
2/21/2021 21:20:17,"Facebook, Instagram, Snapchat, TikTok, WeChat, LinkedIn, Tumblr ","Facebook, Instagram, Snapchat, TikTok, WeChat, Pinterest, LinkedIn, Tumblr ","Messenger, Email","Messenger, WhatsApp, Email, Slack, Discord, GroupMe"
2/21/2021 21:32:01,"Facebook, Instagram, Twitter, LinkedIn","Instagram, TikTok, Pinterest, LinkedIn","Messenger, WhatsApp, Email, Slack, Discord","WhatsApp, Email, Slack"
2/21/2021 22:35:10,"Facebook, Instagram, Snapchat, Twitter, Pinterest, LinkedIn","Facebook, Instagram, Snapchat, Twitter, Pinterest, LinkedIn","Email, Slack","Email, Slack"
2/21/2021 23:42:20,"Facebook, Instagram, Snapchat, Twitter, TikTok","Snapchat, Twitter, TikTok","Email, iMessage","Email, iMessage"
2/22/2021 1:02:38,"Facebook, Instagram, LinkedIn","Facebook, Instagram, Twitter, Pinterest, LinkedIn","Messenger, Email, iMessage, Viber","Messenger, WhatsApp, Email, iMessage, Viber"
2/22/2021 1:04:02,"Facebook, Instagram, LinkedIn","Facebook, Snapchat, Twitter, Pinterest, LinkedIn","Messenger, Email, Viber","Messenger, WhatsApp, Email, iMessage, Viber"
2/22/2021 1:13:42,"Facebook, Instagram, Pinterest, LinkedIn","Facebook, Instagram, Pinterest, LinkedIn","WhatsApp, Email","WhatsApp, Email, ZOOM"
2/22/2021 1:23:27,"Instagram, Pinterest, LinkedIn","Facebook, Instagram, WeChat, LinkedIn","WhatsApp, Email","WhatsApp, Email, Zoom"
2/22/2021 1:24:31,,,,
2/22/2021 1:33:42,"Facebook, Instagram, Pinterest, LinkedIn","Facebook, Instagram, WeChat, LinkedIn","WhatsApp, Email, Viber","WhatsApp, Email, Viber, Zoom, Google meet"
2/22/2021 1:39:12,Facebook,Facebook,"WhatsApp, Email","WhatsApp, Email"
2/22/2021 1:54:49,"Facebook, LinkedIn","Facebook, Instagram, LinkedIn","Email, iMessage","Messenger, WhatsApp, Email, iMessage"
2/22/2021 1:56:52,"Facebook, Instagram, Pinterest","Facebook, Instagram, Pinterest",WhatsApp,WhatsApp
2/22/2021 1:57:54,"Facebook, Instagram","Facebook, Instagram","WhatsApp, Email","Zoom, google meeting "
2/22/2021 1:59:57,"Facebook, Instagram","Facebook, Instagram",Email,Email
2/22/2021 2:11:44,TikTok,TikTok,Viber,Viber
2/22/2021 2:17:17,"Facebook, Instagram, LinkedIn","Facebook, Instagram, LinkedIn",Email,Google classroom
2/22/2021 2:18:01,"Facebook, Instagram","Facebook, Instagram","WhatsApp, Email","WhatsApp, Email"
2/22/2021 2:19:27,"Facebook, Instagram","Facebook, Instagram","Messenger, WhatsApp, Email","Messenger, WhatsApp, Email"
2/22/2021 2:29:42,"Facebook, Instagram, Twitter, Pinterest","Facebook, Instagram, Twitter, Pinterest","WhatsApp, Email, iMessage","WhatsApp, Email, iMessage"
2/22/2021 2:32:23,Instagram,Instagram,WhatsApp,"WhatsApp, Email"
2/22/2021 2:32:59,"Facebook, Instagram","Facebook, Instagram",Email,Email
2/22/2021 2:45:26,"Facebook, Instagram","Facebook, Instagram",Messenger,Messenger
2/22/2021 3:20:23,"Facebook, Instagram","Facebook, Instagram, Twitter","WhatsApp, Discord",WhatsApp
2/22/2021 3:24:02,Instagram,Instagram,"WhatsApp, Email","WhatsApp, Email"
2/22/2021 3:24:47,"Facebook, Twitter","Facebook, Twitter","Messenger, WhatsApp, Email","Messenger, WhatsApp, Email"
2/22/2021 3:36:43,"Facebook, Instagram","Facebook, Instagram","Messenger, WhatsApp, Email, iMessage","Messenger, WhatsApp, Email, iMessage, Google classroom"
2/22/2021 3:37:31,"Facebook, Instagram","Facebook, Instagram, Snapchat","Messenger, WhatsApp, Email, iMessage, Viber","Messenger, WhatsApp, Email, iMessage, Viber"
2/22/2021 3:43:42,"Facebook, Instagram","Facebook, Instagram","Messenger, WhatsApp, Email","Messenger, WhatsApp, Email"
2/22/2021 3:46:41,"Facebook, Instagram, LinkedIn","Facebook, Instagram, Twitter, Pinterest, LinkedIn","Messenger, Email, iMessage, Viber","Messenger, WhatsApp, Email, iMessage, Viber"
2/22/2021 3:49:45,"Facebook, Instagram",Facebook,"Messenger, WhatsApp, Email","WhatsApp, Email"
2/22/2021 3:56:20,"Instagram, Snapchat, TikTok","Instagram, Snapchat, Twitter, TikTok, Pinterest",Email,Microsoft Teama
2/22/2021 3:56:37,"Facebook, Instagram, Pinterest, LinkedIn","Facebook, Instagram, Pinterest, LinkedIn","Messenger, WhatsApp, Email, Slack, iMessage, Miscroaoft Teams","Messenger, WhatsApp, Email, Slack, iMessage, Microsoft Teams, Zoom"
2/22/2021 3:57:58,"Facebook, LinkedIn","Facebook, Instagram, Pinterest, LinkedIn",Email,"Email, Skype"
2/22/2021 4:01:37,"Facebook, Instagram, Pinterest","Facebook, Instagram, Pinterest","Messenger, WhatsApp, Email","Messenger, WhatsApp, Email"
2/22/2021 4:50:23,"Facebook, Instagram, Twitter","Facebook, Instagram, Twitter, TikTok","Messenger, WhatsApp, Email","Messenger, WhatsApp, Email"
2/22/2021 4:52:39,"Facebook, Instagram, Snapchat","Facebook, Instagram, Snapchat","Messenger, WhatsApp, Email","Messenger, WhatsApp, Email"
2/22/2021 5:06:37,Facebook,Facebook,Email,"Email, Viber"
2/22/2021 5:20:32,"Facebook, Instagram","Facebook, Instagram, TikTok","WhatsApp, Email","WhatsApp, Email"
2/22/2021 5:28:02,"Facebook, Instagram, Snapchat, TikTok","Facebook, Instagram, Snapchat, TikTok",Nothing online,Email
2/22/2021 5:28:48,"Facebook, Instagram, Snapchat","Facebook, Instagram, TikTok",Email,"Email, Google classroom, zoom"
2/22/2021 5:33:42,"Facebook, Instagram","Facebook, Instagram","Email, Viber","Email, Viber"
2/22/2021 5:53:33,"Facebook, Instagram, Pinterest, LinkedIn","Facebook, Instagram, Pinterest, LinkedIn","Messenger, Email, Viber","Messenger, Email, Viber"
2/22/2021 5:59:24,Instagram,"Instagram, TikTok","Messenger, WhatsApp, Email","Messenger, WhatsApp, Email"
2/22/2021 6:16:22,"Facebook, Instagram","Facebook, Instagram",Email,Zoom
2/22/2021 7:13:14,"Facebook, Instagram","Facebook, Instagram",Messenger,Messenger
2/22/2021 7:14:05,"Facebook, Instagram, Snapchat","Facebook, Instagram, Snapchat, TikTok","Messenger, WhatsApp, Email","Messenger, WhatsApp, Email"
2/22/2021 7:15:20,"Facebook, Instagram, Twitter, Pinterest, LinkedIn","Facebook, Instagram, Twitter, Pinterest, LinkedIn","Messenger, WhatsApp, Email, iMessage","Messenger, WhatsApp, Email, iMessage"
2/22/2021 7:17:21,Instagram,Instagram,Viber,Viber
2/22/2021 7:17:32,"Facebook, Instagram","Facebook, Instagram","Messenger, WhatsApp","Messenger, WhatsApp"
2/22/2021 7:19:33,Facebook,Facebook,viber,viber
2/22/2021 7:20:32,"Instagram, Pinterest",Instagram,Email,"Email, Moodle,GoToWebinar "
2/22/2021 7:20:41,"Facebook, Instagram","Facebook, Instagram, Pinterest","WhatsApp, Email","Messenger, WhatsApp, Email"
2/22/2021 7:22:51,"Facebook, Instagram","Facebook, Instagram","Messenger, WhatsApp, Email, iMessage","Messenger, WhatsApp, Email, iMessage"
2/22/2021 7:26:40,"Facebook, Instagram, Pinterest","Facebook, Instagram, Pinterest","Messenger, WhatsApp, Email","Messenger, WhatsApp, Email"
2/22/2021 7:32:32,"Facebook, Instagram, Snapchat, LinkedIn","Facebook, Instagram, Snapchat, LinkedIn","WhatsApp, Email, Slack","WhatsApp, Email, Slack, Discord"
2/22/2021 7:41:25,"Facebook, Instagram","Facebook, Instagram","Messenger, WhatsApp","Messenger, WhatsApp"
2/22/2021 7:44:28,"Facebook, Instagram, Snapchat, Twitter","Facebook, Instagram, Snapchat, Twitter","Messenger, WhatsApp, Email, iMessage, Zoom","Messenger, WhatsApp, Email, iMessage"
2/22/2021 7:45:47,"Facebook, Instagram, TikTok","Facebook, Instagram, TikTok","Messenger, WhatsApp, Email","Messenger, WhatsApp, Email"
2/22/2021 7:47:46,Twitter,Twitter,"WhatsApp, Email","WhatsApp, Email"
2/22/2021 7:49:17,"Facebook, Instagram","Facebook, Instagram","Messenger, WhatsApp, Email","Messenger, WhatsApp, Email"
2/22/2021 7:49:52,"Instagram, Snapchat, TikTok, Pinterest","Instagram, Snapchat, TikTok, Pinterest",Email,"WhatsApp, Email"
2/22/2021 7:50:49,"Facebook, Instagram, Snapchat, Pinterest, LinkedIn","Instagram, Snapchat, LinkedIn","Messenger, Email, Slack","Email, Slack, Discord"
2/22/2021 7:52:56,Facebook,Facebook,"Messenger, Email, viber","Messenger, Email, viber"
2/22/2021 7:55:19,"Facebook, Instagram, Pinterest","Facebook, Instagram, Twitter, Pinterest","Messenger, Email, Viber","Messenger, Email, GroupMe, Viber"
2/22/2021 7:59:06,"Facebook, Instagram","Facebook, Instagram","Messenger, Email, SMS",Email
2/22/2021 7:59:47,"Facebook, Instagram, Twitter",I don't use social media anymore,Email,Email
2/22/2021 8:02:50,"Facebook, Instagram","Facebook, Instagram",Email,Email
2/22/2021 8:07:37,"Facebook, Instagram, Pinterest, LinkedIn","Facebook, Instagram, TikTok, Pinterest, LinkedIn","Messenger, iMessage","Messenger, Slack, iMessage"
2/22/2021 8:07:39,"Facebook, Instagram","Facebook, Instagram","Messenger, Email","Messenger, WhatsApp, Email, Discord, GroupMe"
2/22/2021 8:23:32,"Facebook, Instagram","Facebook, Instagram, Snapchat, TikTok, LinkedIn","Messenger, WhatsApp","Messenger, WhatsApp, Email, Webex"
2/22/2021 8:53:57,Instagram,Instagram,"Messenger, WhatsApp","Messenger, WhatsApp"
2/22/2021 9:32:02,"Facebook, Snapchat","Facebook, Instagram, Snapchat","Messenger, Email","Messenger, Email"
2/22/2021 9:42:40,"Facebook, Instagram, Pinterest","Facebook, Instagram, Pinterest",I didn't use any of the platforms. ,"Email, Google classroom"
2/22/2021 9:48:20,"Facebook, Instagram, Snapchat, Pinterest, LinkedIn","Facebook, Snapchat, TikTok, Pinterest, LinkedIn",WhatsApp,"Email, Microsoft Teams, Zoom"
2/22/2021 9:48:27,"Instagram, TikTok, Pinterest","Instagram, TikTok, Pinterest","WhatsApp, Email","WhatsApp, Email"
2/22/2021 9:49:08,"Facebook, Instagram, Twitter, Pinterest, LinkedIn","Facebook, Twitter, Pinterest","Email, Viber","Email, Viber, Gogle classroom "
2/22/2021 9:49:12,"Instagram, Discord","Instagram, Discord,Twitch",Viber,MS Teams
2/22/2021 9:49:16,Facebook,Facebook,Non,"Messenger, Email, Google Classroom (Google Workspace)"
2/22/2021 9:49:43,"Facebook, Instagram, VK","Facebook, Instagram, VK","Messenger, WhatsApp, Email, Viber","Messenger, WhatsApp, Email, Viber, Zoom, Google Meet, Skype"
2/22/2021 9:49:59,"Instagram, Pinterest, Reddit","Instagram, Pinterest, Reddit","Messenger, Email, Edmodo","Messenger, Email, Microsoft Teams"
2/22/2021 9:50:41,"Facebook, Instagram, Snapchat","Facebook, Instagram, Snapchat, TikTok","Messenger, WhatsApp, Email","Messenger, WhatsApp, Email, Discord"
2/22/2021 9:50:51,"Instagram, Snapchat, TikTok, Youtube","Instagram, Snapchat, TikTok, Youtube","Messenger, Email, Viber","Messenger, Email, Microsoft Teams, Viber"
2/22/2021 9:52:00,"Instagram, LinkedIn","Instagram, LinkedIn","WhatsApp, Email","WhatsApp, Email"
2/22/2021 9:52:32,Instagram,Instagram,Email,Microsoft Teams
2/22/2021 9:53:47,"Instagram, Snapchat","Instagram, Snapchat",Email,"Email, Discord"
2/22/2021 9:54:09,"Facebook, Instagram",Instagram,"Messenger, Email","Messenger, Email"
2/22/2021 9:54:14,Viber,Viber,"Messenger, Email","Messenger, Email, Microsoft Teams"
2/22/2021 9:55:13,Instagram,Instagram,"WhatsApp, Email, Discord","WhatsApp, Email, Discord, Microsoft Teams"
2/22/2021 9:56:02,Youtube,Youtube,Email,Google Clasroom
2/22/2021 9:56:08,"Facebook, Instagram, Snapchat","Facebook, Instagram, Snapchat",Email,"Email, Discord"
2/22/2021 9:58:51,"Instagram, Twitter",I dont use social media,"Messenger, Viber","Messenger, Viber and Microsoft Teams"
2/22/2021 10:02:40,"Facebook, Instagram, TikTok","Instagram, TikTok","WhatsApp, Email","WhatsApp, Email"
2/22/2021 10:06:39,"Facebook, Instagram, Twitter","Facebook, Instagram, Twitter, Telegram","Messenger, WhatsApp","WhatsApp, Email, Telegram"
2/22/2021 10:07:21,"Instagram, Snapchat, TikTok","Instagram, Snapchat, TikTok",WhatsApp,WhatsApp
2/22/2021 10:08:36,"Facebook, Instagram, Snapchat, WeChat","Facebook, Instagram, Snapchat, WeChat","Messenger, Email, Slack, Piazza","Messenger, Email, Slack, Discord, Ed"
2/22/2021 10:09:17,"Instagram, Snapchat","Instagram, Snapchat, TikTok, Pinterest","Messenger, Email, Viber","Messenger, Email, Viber, Microsoft teams"
2/22/2021 10:10:35,"Facebook, Instagram, Snapchat","Facebook, Instagram, Snapchat",WhatsApp,WhatsApp
2/22/2021 10:12:50,Instagram,"Instagram, TikTok","Messenger, WhatsApp, Email","Messenger, WhatsApp, Email"
2/22/2021 10:12:56,"Instagram, Snapchat","Instagram, Snapchat",Viber,"Email, Viber, Microsoft Teams"
2/22/2021 10:13:01,"Facebook, Instagram, Snapchat, TikTok","Facebook, Instagram, Snapchat, TikTok, Pinterest","Email, Viber","Email, Viber, Microsoft Teams"
2/22/2021 10:17:22,Facebook,Facebook,Email,"Messenger, WhatsApp, Email"
2/22/2021 10:43:15,Facebook,Facebook,"Messenger, Email","Messenger, Email"
2/22/2021 10:43:59,Facebook,Facebook,"Messenger, Email","Messenger, Email"
2/22/2021 10:46:05,"Facebook, Snapchat, WeChat, LinkedIn","Facebook, Snapchat, WeChat, LinkedIn","Messenger, WhatsApp, Email, Slack, Discord, Piazza","Messenger, WhatsApp, Email, Slack, Discord, Piazza, Ed"
2/22/2021 10:48:37,"Facebook, Instagram, LinkedIn","Facebook, Instagram, LinkedIn","WhatsApp, Email","WhatsApp, Email, Microsoft teams, zoom"
2/22/2021 10:53:36,"Instagram, Snapchat, LinkedIn","Instagram, LinkedIn","WhatsApp, Email","WhatsApp, Email, Discord"
2/22/2021 10:54:52,"Instagram, Snapchat, LinkedIn","Instagram, TikTok",Email,Microsoft Teams
2/22/2021 10:55:04,Facebook,Facebook,"Slack, hangouts","Email, hangouts"
2/22/2021 11:02:13,"Facebook, Pinterest, LinkedIn","Facebook, Pinterest, LinkedIn","WhatsApp, Email, Slack","WhatsApp, Email, Slack"
2/22/2021 11:07:07,Twitter,Twitter,WhatsApp,WhatsApp
2/22/2021 11:20:51,"Instagram, LinkedIn","Instagram, LinkedIn","Email, Teams","Email, Teams"
2/22/2021 11:36:00,"Facebook, Instagram, Pinterest, LinkedIn","Facebook, Instagram, Pinterest, LinkedIn","Messenger, WhatsApp, Email, Slack, iMessage, Miscroaoft Teams","Messenger, WhatsApp, Email, Slack, iMessage, Microsoft Teams, Zoom"
2/22/2021 11:49:10,Twitter,Twitter,WhatsApp,WhatsApp
2/22/2021 12:11:29,"Facebook, Instagram, Snapchat","Facebook, Instagram, Snapchat, TikTok","Messenger, WhatsApp, Email","Messenger, WhatsApp, Email, Discord"
2/22/2021 12:44:31,"Facebook, Instagram, Twitter, Pinterest","Facebook, Instagram, Twitter, Pinterest",Email,"Email, Google meet, Google classroom"
2/22/2021 12:45:16,"Instagram, Snapchat, Twitter, WeChat, Pinterest","Instagram, Snapchat, Twitter, TikTok, Pinterest, LinkedIn","WhatsApp, Email","WhatsApp, Email, Slack, GroupMe"
2/22/2021 12:50:59,"Facebook, Instagram, Snapchat, Twitter","Instagram, Snapchat, Twitter","Email, Slack","Email, Slack, Discord"
2/22/2021 13:06:35,"Facebook, Twitter, WeChat, LinkedIn","Facebook, Twitter, WeChat, LinkedIn","Messenger, Email, Slack, Discord, Piazza, GroupMe, iMessage","Messenger, Email, Slack, Discord, Piazza, GroupMe, iMessage"
2/22/2021 13:07:04,"Facebook, Instagram, Snapchat, Twitter, LinkedIn","Facebook, Instagram, Snapchat, Twitter, TikTok, Pinterest, LinkedIn","Email, Slack, iMessage","Email, Slack, iMessage"
2/22/2021 13:39:55,"Instagram, Reddit","Instagram, Reddit","Messenger, Viber","Messenger, Microsoft Teams, Viber"
2/22/2021 13:39:56,Instagram,Instagram,"Messenger, WhatsApp, Email, Discord, Viber","Messenger, WhatsApp, Email, Discord, Viber"
2/22/2021 13:41:04,Instagram,Reddit,Viber,Viber
2/22/2021 13:50:51,"Facebook, Twitter, TikTok, WeChat","Facebook, Twitter, TikTok, WeChat","Messenger, Email, Slack, Piazza","Messenger, Email, Slack, Piazza, Ed"
2/22/2021 14:20:32,"Facebook, Instagram",Instagram,"WhatsApp, Email","WhatsApp, Email"
2/22/2021 14:21:41,"Facebook, Instagram",Instagram,"WhatsApp, Email","WhatsApp, Email"
2/22/2021 14:57:07,"Facebook, Instagram","Facebook, Instagram","Email, Viber","Email, Viber and Zoom"
2/22/2021 15:21:48,"Facebook, Instagram","Facebook, Instagram","Messenger, WhatsApp, Email, iMessage","Messenger, WhatsApp, Email, iMessage"
2/22/2021 15:40:59,"Facebook, WeChat, LinkedIn","Facebook, WeChat, LinkedIn",Messenger,Messenger
2/22/2021 16:11:20,"Facebook, Instagram","Facebook, Instagram, Snapchat, TikTok","Messenger, Email, Slack, Piazza","Messenger, Email, Discord, Ed, iMessage"
2/22/2021 19:33:07,"Facebook, Instagram, Pinterest, LinkedIn","Facebook, Instagram, TikTok, Pinterest, LinkedIn","Messenger, iMessage","Messenger, Slack, iMessage"
2/22/2021 20:20:25,"Instagram, Snapchat, Twitter","Instagram, Snapchat, Twitter, LinkedIn","Email, Slack, Piazza, GroupMe","Email, Slack, Discord, Piazza, GroupMe, iMessage"
2/23/2021 1:36:35,"Facebook, Instagram","Facebook, Instagram","Messenger, Email, Viber","Messenger, Email, Viber"
2/23/2021 1:47:38,"Facebook, Instagram, Pinterest","Facebook, Instagram, Pinterest","Messenger, WhatsApp, Email","Messenger, WhatsApp, Email, iMessage"
2/23/2021 1:48:44,Facebook,,"Messenger, Email","Messenger, Email"
2/23/2021 2:02:15,"Facebook, Pinterest","Facebook, Pinterest","Messenger, WhatsApp, Email","Messenger, WhatsApp, Email"
2/23/2021 2:17:14,"Facebook, LinkedIn","Facebook, LinkedIn","Messenger, WhatsApp, Email","Messenger, WhatsApp, Email"
2/23/2021 2:20:12,"Facebook, Instagram",Facebook,"Messenger, WhatsApp","Messenger, WhatsApp"
2/23/2021 2:20:47,"Facebook, Instagram","Facebook, Instagram","Messenger, WhatsApp, Email","Messenger, WhatsApp, Email"
2/23/2021 2:20:51,"Facebook, Instagram","Facebook, Instagram","Messenger, WhatsApp, Email","Messenger, WhatsApp, Email"
2/23/2021 2:21:43,"Facebook, Instagram, Pinterest","Facebook, Instagram, Pinterest","Messenger, WhatsApp, Email","Messenger, WhatsApp, Email"
2/23/2021 2:22:26,"Facebook, Instagram","Facebook, Instagram","Messenger, Email","Messenger, Email"
2/23/2021 2:23:56,"Facebook, Instagram, Pinterest","Facebook, Instagram, Pinterest","Messenger, Email","Messenger, Email"
2/23/2021 2:24:13,"Facebook, Instagram, Snapchat, TikTok","Facebook, Instagram, Snapchat","Messenger, WhatsApp, Email","Messenger, WhatsApp, Email, GroupMe, Zoom"
2/23/2021 2:24:47,Twitter,Twitter,Email,Email
2/23/2021 2:30:15,"Facebook, Instagram","Facebook, Instagram","Messenger, WhatsApp, Email","Messenger, WhatsApp, Email"
2/23/2021 2:31:13,"Facebook, Whatsapp, Viber","Facebook, Whatsapp, Viber","WhatsApp, Email","WhatsApp, Email"
2/23/2021 2:31:46,Instagram,Instagram,"Messenger, WhatsApp","Messenger, WhatsApp"
2/23/2021 2:32:48,"Facebook, Instagram, Snapchat, TikTok","Facebook, Snapchat, LinkedIn","Messenger, WhatsApp, Email","WhatsApp, Email, GroupMe, Telegram"
2/23/2021 2:37:14,"Facebook, Instagram, Snapchat","Facebook, Instagram, Snapchat","Messenger, WhatsApp, Email","Messenger, WhatsApp, Email"
2/23/2021 2:44:45,Facebook,Facebook,"Messenger, WhatsApp, Email","Messenger, WhatsApp, Email"
2/23/2021 2:47:10,Instagram,Instagram,"WhatsApp, Email","WhatsApp, Email"
2/23/2021 2:48:20,"Facebook, Instagram, Pinterest","Facebook, Instagram, Pinterest",WhatsApp,WhatsApp
2/23/2021 2:49:13,"Facebook, Instagram, Twitter",Facebook,"Messenger, WhatsApp, Email","Messenger, WhatsApp, Email"
2/23/2021 2:49:21,"Facebook, Instagram, LinkedIn","Facebook, Instagram, Pinterest, LinkedIn","Messenger, WhatsApp, Email","Messenger, WhatsApp, Email, Discord, Zoom"
2/23/2021 2:50:04,"Facebook, Instagram, Snapchat","Facebook, Instagram, Snapchat, Pinterest","Messenger, WhatsApp, Email","Messenger, WhatsApp, Email, Classroom"
2/23/2021 2:51:16,"Facebook, Instagram","Facebook, Instagram","Messenger, WhatsApp, iMessage","Messenger, WhatsApp, Email, iMessage"
2/23/2021 2:52:49,"Facebook, Instagram, Snapchat, Pinterest","Facebook, Instagram, Snapchat, Pinterest","Messenger, WhatsApp, Email, iMessage","Messenger, WhatsApp, Email, iMessage"
2/23/2021 2:54:00,"Facebook, Instagram, Snapchat","Facebook, Instagram, Snapchat","Messenger, WhatsApp, Email","Messenger, WhatsApp, Email, Slack"
2/23/2021 2:54:55,"Facebook, Instagram, Snapchat, LinkedIn","Facebook, Instagram, Snapchat, LinkedIn","Messenger, WhatsApp, Email","Messenger, WhatsApp, Email"
2/23/2021 2:57:08,"Facebook, Instagram","Facebook, Instagram, Snapchat","Messenger, WhatsApp, Email","Messenger, WhatsApp, Email"
2/23/2021 2:58:27,"Facebook, Instagram, Snapchat","Facebook, Instagram",Email,Email
2/23/2021 3:03:10,"Facebook, Instagram","Facebook, Instagram",WhatsApp,WhatsApp
2/23/2021 3:03:55,Facebook,Facebook,WhatsApp,"WhatsApp, Teams"
2/23/2021 3:04:22,"Facebook, Instagram",Facebook,WhatsApp,WhatsApp
2/23/2021 3:05:18,"Facebook, Instagram, Twitter","Facebook, Instagram, Snapchat, Twitter, TikTok",WhatsApp,"WhatsApp, Email, Google classroom"
2/23/2021 3:07:00,"Facebook, Instagram","Facebook, Instagram","Messenger, WhatsApp","Messenger, WhatsApp, Email"
2/23/2021 3:09:24,"Facebook, Instagram","Facebook, Instagram","Messenger, WhatsApp, Email","Messenger, WhatsApp, Email"
2/23/2021 3:11:44,"Facebook, Instagram","Facebook, Instagram",Email,Email
2/23/2021 3:18:57,"Facebook, Instagram","Facebook, Instagram",Email,Email
2/23/2021 3:20:11,"Facebook, Instagram, Twitter","Facebook, Instagram","Messenger, WhatsApp, Email","Messenger, WhatsApp, Email, Telegram, Google Classroom, Zoom"
2/23/2021 3:22:15,"Facebook, Instagram","Facebook, Instagram","Messenger, WhatsApp, Email","Messenger, WhatsApp, Email"
2/23/2021 3:28:15,"Instagram, Pinterest",Instagram,"WhatsApp, Email","WhatsApp, Email, GroupMe"
2/23/2021 3:29:06,"Facebook, Instagram, Pinterest","Facebook, Instagram, Pinterest","Messenger, WhatsApp, Email, iMessage","Messenger, WhatsApp, Email, iMessage"
2/23/2021 3:40:08,"Facebook, Instagram, Snapchat","Facebook, Instagram, Snapchat","WhatsApp, Email","WhatsApp, Email"
2/23/2021 3:46:59,"Facebook, Instagram, Snapchat","Facebook, Instagram, Snapchat","Messenger, WhatsApp, Email, Viber","Messenger, WhatsApp, Email, Viber"
2/23/2021 3:47:32,"Facebook, Instagram, TikTok","Facebook, Instagram, Twitter, Pinterest, LinkedIn","Messenger, WhatsApp, Email","Messenger, WhatsApp, Email"
2/23/2021 3:49:23,"Facebook, Instagram, Snapchat","Facebook, Instagram, Snapchat","Messenger, WhatsApp, Email","Messenger, WhatsApp, Email"
2/23/2021 3:53:02,"Facebook, Instagram, Snapchat","Facebook, Instagram, Snapchat","Messenger, WhatsApp, Email","Messenger, WhatsApp, Email"
2/23/2021 3:54:25,"Instagram, TikTok","Instagram, TikTok",WhatsApp,"WhatsApp, Email, Discord"
2/23/2021 3:57:47,"Facebook, Instagram, Snapchat","Facebook, Instagram","Messenger, WhatsApp, Email","Messenger, WhatsApp, Email"
2/23/2021 3:57:55,"Facebook, Instagram, Twitter","Facebook, Instagram, Snapchat, Twitter","Messenger, WhatsApp","Messenger, WhatsApp, Email"
2/23/2021 3:59:58,"Facebook, Instagram","Facebook, Instagram","Messenger, WhatsApp","Messenger, WhatsApp, Email"
2/23/2021 4:03:22,Facebook,Facebook,WhatsApp,WhatsApp
2/23/2021 4:05:26,"Facebook, Instagram","Facebook, Instagram, Youtube","Messenger, WhatsApp, Email","Messenger, WhatsApp, Email, Skype"
2/23/2021 4:08:43,"Facebook, Instagram, Twitter","Facebook, Instagram, Twitter","Messenger, WhatsApp","Messenger, WhatsApp, Email"
2/23/2021 4:17:31,Facebook,Facebook,Email,Email
2/23/2021 4:17:49,"Facebook, Snapchat","Facebook, Instagram","Messenger, Email","Messenger, Email"
2/23/2021 4:27:49,Instagram,Instagram,WhatsApp,WhatsApp
2/23/2021 4:28:33,"Facebook, Instagram","Instagram, Pinterest","WhatsApp, Email","WhatsApp, Email, Telegram"
2/23/2021 4:30:08,"Facebook, Instagram","Facebook, Instagram","Messenger, WhatsApp, Email","Messenger, WhatsApp, Email"
2/23/2021 4:34:28,"Facebook, Instagram","Facebook, Instagram, Snapchat",WhatsApp,"WhatsApp, Email"
2/23/2021 4:44:15,"Facebook, Instagram","Facebook, Instagram","Email, Viber","Email, Viber"
2/23/2021 4:45:31,"Facebook, Instagram, Twitter","Facebook, Instagram, Twitter","Messenger, WhatsApp, Email, Viber","Messenger, WhatsApp, Email, Viber"
2/23/2021 4:54:40,LinkedIn,LinkedIn,"WhatsApp, Email, iMessage","WhatsApp, Email, iMessage"
2/23/2021 5:07:13,"Facebook, Instagram, Twitter","Facebook, Instagram, Twitter",WhatsApp,WhatsApp
2/23/2021 5:14:41,"Facebook, Instagram","Facebook, Instagram, Tinder, Telegram","WhatsApp, Email","WhatsApp, Email, Google classroom"
2/23/2021 5:15:24,"Facebook, Instagram","Facebook, Instagram","Messenger, WhatsApp","Messenger, WhatsApp, Email"
2/23/2021 5:31:06,Facebook,Facebook,"WhatsApp, Email",Email
2/23/2021 5:31:35,"Facebook, Instagram, Snapchat, Pinterest","Facebook, Instagram, Snapchat, Pinterest","Messenger, WhatsApp, Email","Messenger, WhatsApp, Email"
2/23/2021 6:16:01,"Facebook, Instagram, Pinterest","Facebook, Instagram, Pinterest","Messenger, WhatsApp, Email","Messenger, WhatsApp, Email, Zoom , Webinar"
2/23/2021 6:21:50,"Facebook, Instagram, Snapchat, Twitter, Pinterest","Facebook, Instagram, Snapchat, Twitter, Pinterest","Messenger, WhatsApp, Email","Messenger, WhatsApp, Email"
2/23/2021 6:27:53,"Facebook, Instagram","Facebook, Instagram","Messenger, WhatsApp, Email","Messenger, WhatsApp, Email"
2/23/2021 6:32:07,Facebook,Facebook,"WhatsApp, Email","WhatsApp, Email"
2/23/2021 6:41:53,"Facebook, Instagram, Twitter, Pinterest","Facebook, Instagram, Twitter, Pinterest","Messenger, WhatsApp, Email, Viber","Messenger, Email, Viber"
2/23/2021 7:15:35,"Facebook, Instagram","Facebook, Instagram","Messenger, WhatsApp","Messenger, WhatsApp"
2/23/2021 7:16:12,"Instagram, Twitter","Instagram, Twitter",Email,Email
2/23/2021 7:21:43,"Facebook, Instagram, LinkedIn","Facebook, Instagram, Twitter, LinkedIn","Messenger, WhatsApp, Email, Viber","Messenger, WhatsApp, Email, Viber, Zoom, Google Meet"
2/23/2021 7:37:17,Facebook,Facebook,Email,Email
2/23/2021 7:38:51,Facebook,Facebook,"Messenger, Email, iMessage, Viber","Messenger, Email, iMessage, Vibee"
2/23/2021 7:42:28,Instagram,Instagram,WhatsApp,WhatsApp
2/23/2021 7:42:32,"Facebook, Instagram","Facebook, Instagram","WhatsApp, Email","Messenger, WhatsApp, Email"
2/23/2021 7:42:43,"Facebook, Instagram, Snapchat, Pinterest","Facebook, Instagram, Snapchat, Pinterest","WhatsApp, Email, Google classroom","Messenger, WhatsApp, Google classroom"
2/23/2021 7:43:07,"Facebook, Instagram, WhatsApp","Facebook, Instagram, LinkedIn, WhatsApp","WhatsApp, Email, iMessage","WhatsApp, Email, iMessage"
2/23/2021 7:44:17,"Instagram, Twitter","Instagram, Twitter","WhatsApp, Email","WhatsApp, Email"
2/23/2021 7:44:42,"Facebook, Instagram, Snapchat","Facebook, Instagram, Snapchat, TikTok","WhatsApp, Email","WhatsApp, Email"
2/23/2021 7:53:08,"Facebook, Instagram, Twitter","Facebook, Instagram, Twitter","Messenger, WhatsApp","Messenger, WhatsApp"
2/23/2021 7:53:56,"Facebook, Instagram, Pinterest","Facebook, Instagram, Pinterest","Messenger, WhatsApp, Email","Messenger, WhatsApp, Email"
2/23/2021 7:54:40,"Facebook, Instagram","Facebook, Instagram","Messenger, WhatsApp, Email","Messenger, WhatsApp, Email"
2/23/2021 7:54:43,"Facebook, Instagram, Pinterest, LinkedIn","Facebook, Instagram, Pinterest, LinkedIn","Messenger, WhatsApp, Email","Messenger, WhatsApp, Email"
2/23/2021 7:54:47,"Facebook, Instagram, Snapchat, TikTok","Facebook, Instagram, Snapchat, TikTok","WhatsApp, Email","WhatsApp, Email"
2/23/2021 7:54:47,"Instagram, Pinterest","Instagram, TikTok, Pinterest","WhatsApp, Email","WhatsApp, Email"
2/23/2021 7:54:56,"Facebook, Instagram, Snapchat","Instagram, Snapchat, TikTok","Messenger, WhatsApp, Email","WhatsApp, Email"
2/23/2021 7:54:56,"Instagram, Snapchat, Twitter","Instagram, Snapchat, Twitter",WhatsApp,"WhatsApp, Email"
2/23/2021 7:54:59,"Instagram, Snapchat","Instagram, TikTok","Messenger, WhatsApp, Email","Messenger, WhatsApp, Email"
2/23/2021 7:55:00,"Facebook, Instagram, Snapchat","Facebook, Instagram, Snapchat","Messenger, WhatsApp, Email","Messenger, WhatsApp, Email"
2/23/2021 7:55:04,"Facebook, Instagram","Facebook, Instagram","Messenger, WhatsApp, Email","Messenger, WhatsApp, Email"
2/23/2021 7:55:28,"Facebook, Instagram","Facebook, Instagram","Messenger, WhatsApp","Messenger, WhatsApp, Email"
2/23/2021 7:55:30,"Facebook, Instagram","Facebook, Instagram","Messenger, WhatsApp, Email","Messenger, WhatsApp, Email"
2/23/2021 7:55:31,"Facebook, Instagram, Snapchat","Facebook, Instagram, Snapchat, TikTok","Messenger, WhatsApp, Email","Messenger, WhatsApp, Email"
2/23/2021 7:55:36,"Facebook, Instagram, Snapchat, Twitter","Facebook, Instagram, Snapchat, Twitter","WhatsApp, Email","WhatsApp, Email"
2/23/2021 7:55:37,"Instagram, Snapchat","Instagram, Snapchat, TikTok, Pinterest","WhatsApp, Email","Messenger, WhatsApp"
2/23/2021 7:55:42,"Instagram, Snapchat, Pinterest","Instagram, Snapchat, TikTok, Pinterest","WhatsApp, Email","WhatsApp, Email"
2/23/2021 7:55:43,Instagram,Instagram,WhatsApp,WhatsApp
2/23/2021 7:55:44,"Facebook, Instagram","Facebook, Instagram",Email,Email
2/23/2021 7:55:46,Instagram,Instagram,WhatsApp,WhatsApp
2/23/2021 7:55:49,"Facebook, Instagram","Facebook, Instagram","Messenger, WhatsApp, Email","Messenger, WhatsApp, Email"
2/23/2021 7:55:57,"Facebook, Instagram","Facebook, Instagram","Messenger, WhatsApp, Email","Messenger, WhatsApp, Email"
2/23/2021 7:56:07,"Facebook, Instagram, Twitter","Facebook, Instagram, Twitter","Messenger, WhatsApp","Messenger, WhatsApp"
2/23/2021 7:56:12,"Facebook, Instagram","Facebook, Instagram","Messenger, WhatsApp, Email","Messenger, WhatsApp, Email"
2/23/2021 7:56:19,"Facebook, Instagram, Pinterest","Facebook, Instagram, Pinterest","Messenger, Email","Messenger, Email"
2/23/2021 7:56:29,Instagram,Instagram,WhatsApp,"WhatsApp, GroupMe"
2/23/2021 7:56:30,"Facebook, Instagram","Facebook, Instagram, TikTok",Email,Email
2/23/2021 7:56:31,Instagram,Instagram,Email,WhatsApp
2/23/2021 7:56:32,"Instagram, Snapchat, Pinterest","Instagram, TikTok","Messenger, WhatsApp","Messenger, WhatsApp"
2/23/2021 7:56:36,"Facebook, Instagram","Facebook, Instagram, TikTok",Email,Email
2/23/2021 7:56:36,"Facebook, Instagram","Facebook, Instagram","WhatsApp, Email","WhatsApp, Email"
2/23/2021 7:56:38,"Facebook, Instagram, Snapchat","Facebook, Instagram, Snapchat","WhatsApp, Email","WhatsApp, Email"
2/23/2021 7:56:45,Instagram,Instagram,"WhatsApp, Email","WhatsApp, Email"
2/23/2021 7:56:50,"Facebook, Instagram, Snapchat","Instagram, Snapchat, Twitter, TikTok",Messenger,"WhatsApp, Email"
2/23/2021 7:57:02,"Facebook, Instagram","Facebook, Instagram","Messenger, WhatsApp, Email","Messenger, WhatsApp, Email"
2/23/2021 7:57:28,"Facebook, Instagram, Pinterest","Facebook, Instagram, Pinterest",WhatsApp,WhatsApp
2/23/2021 7:57:38,"Facebook, Instagram, Snapchat, Pinterest","Instagram, Snapchat, Pinterest","WhatsApp, Email","WhatsApp, Email"
2/23/2021 7:57:52,"Facebook, Instagram, Snapchat, Twitter","Facebook, Instagram, Snapchat, Twitter",WhatsApp,WhatsApp
2/23/2021 7:57:53,"Facebook, Instagram","Facebook, Instagram","WhatsApp, Email","WhatsApp, Email"
2/23/2021 7:57:59,"Facebook, Instagram, Snapchat, Pinterest","Facebook, Instagram, Snapchat, Twitter, Pinterest",WhatsApp,WhatsApp
2/23/2021 7:58:07,"Facebook, Instagram",Instagram,"WhatsApp, Email","WhatsApp, Email"
2/23/2021 7:58:13,"Instagram, Pinterest","Instagram, Pinterest","WhatsApp, iMessage","WhatsApp, Email, iMessage"
2/23/2021 7:58:13,"Facebook, Instagram, Snapchat","Facebook, Instagram, Snapchat, TikTok","WhatsApp, Email","WhatsApp, Email"
2/23/2021 7:58:17,"Facebook, Instagram, Snapchat, Twitter","Facebook, Instagram, Snapchat, TikTok","Messenger, WhatsApp, Email","Messenger, WhatsApp, Email"
2/23/2021 7:58:20,"Facebook, Instagram, Pinterest","Facebook, Instagram, Snapchat, Pinterest","Messenger, WhatsApp, iMessage","Messenger, WhatsApp, Email, iMessage"
2/23/2021 7:58:21,"Instagram, Snapchat","Instagram, Snapchat","WhatsApp, Email","WhatsApp, Email"
2/23/2021 7:58:35,"Facebook, Instagram","Facebook, Instagram","Messenger, WhatsApp, Email","Messenger, WhatsApp, Email"
2/23/2021 7:58:42,Instagram,"Instagram, Snapchat, TikTok",Email,"Email, Google classroom "
2/23/2021 7:58:42,"Facebook, Instagram","Facebook, Instagram",Email,Email
2/23/2021 7:58:43,"Instagram, Snapchat, Pinterest","Instagram, Snapchat, Pinterest","WhatsApp, Email","WhatsApp, Email"
2/23/2021 7:58:49,"Instagram, Snapchat","Instagram, Snapchat","WhatsApp, Email","WhatsApp, Email"
2/23/2021 7:59:14,"Facebook, Instagram, Snapchat","Facebook, Instagram, Snapchat, TikTok","Messenger, WhatsApp, Email","Messenger, WhatsApp, Email"
2/23/2021 7:59:22,"Facebook, Instagram","Facebook, Instagram, TikTok","Messenger, WhatsApp","Messenger, WhatsApp, Email, Discord"
2/23/2021 7:59:29,"Instagram, Snapchat","Facebook, Instagram, Snapchat","WhatsApp, Email","Messenger, WhatsApp, Email"
2/23/2021 7:59:29,"Facebook, Instagram","Facebook, Instagram","WhatsApp, Email","Messenger, WhatsApp, Email"
2/23/2021 7:59:31,"Facebook, Instagram","Facebook, Instagram","WhatsApp, Email","WhatsApp, Email"
2/23/2021 7:59:34,"Instagram, Pinterest","Instagram, TikTok, Pinterest","WhatsApp, Email","WhatsApp, Email"
2/23/2021 7:59:45,Instagram,Instagram,"WhatsApp, Email","WhatsApp, Email"
2/23/2021 7:59:55,Instagram,Instagram,"WhatsApp, Email","WhatsApp, Email"
2/23/2021 7:59:57,"Facebook, Instagram","Facebook, Instagram",WhatsApp,"WhatsApp, Email, iMessage"
2/23/2021 8:00:08,Instagram,Instagram,WhatsApp,"WhatsApp, Google Classroom"
2/23/2021 8:00:12,"Facebook, Instagram, TikTok","Facebook, Instagram, TikTok","Messenger, WhatsApp, Email, iMessage","Messenger, WhatsApp, Email, iMessage"
2/23/2021 8:00:15,"Facebook, Instagram","Facebook, Instagram","Messenger, WhatsApp",WhatsApp
2/23/2021 8:00:23,Instagram,"Facebook, Instagram, Snapchat, Pinterest",WhatsApp,WhatsApp
2/23/2021 8:00:25,"Facebook, Instagram, Snapchat","Facebook, Instagram, Snapchat",Email,Email
2/23/2021 8:00:26,"Facebook, Instagram, Snapchat","Facebook, Instagram, Snapchat","Messenger, WhatsApp, Email","Messenger, WhatsApp, Email"
2/23/2021 8:00:30,"Facebook, Instagram, Snapchat","Facebook, Instagram, Snapchat","WhatsApp, Email","WhatsApp, Email"
2/23/2021 8:00:33,Instagram,Instagram,WhatsApp,WhatsApp
2/23/2021 8:00:33,Instagram,"Instagram, Snapchat",WhatsApp,WhatsApp
2/23/2021 8:00:50,"Facebook, Instagram","Facebook, Instagram","Messenger, WhatsApp, Viber","Messenger, WhatsApp, Email"
2/23/2021 8:00:51,"Facebook, Instagram, LinkedIn","Facebook, Instagram, LinkedIn","WhatsApp, Email","WhatsApp, Email"
2/23/2021 8:00:56,"Facebook, Instagram, Snapchat, TikTok","Facebook, Instagram, Snapchat, TikTok","Messenger, WhatsApp, iMessage","Messenger, WhatsApp, iMessage"
2/23/2021 8:01:10,"Facebook, Instagram, Snapchat, Twitter","Facebook, Instagram, Snapchat","WhatsApp, Email","WhatsApp, Email"
2/23/2021 8:01:15,Instagram,Instagram,Email,Email
2/23/2021 8:01:19,"Instagram, Snapchat, Pinterest","Instagram, Snapchat, TikTok, Pinterest","WhatsApp, Email, iMessage","WhatsApp, Email, iMessage"
2/23/2021 8:01:23,"Facebook, Instagram, Snapchat","Facebook, Instagram, Snapchat","WhatsApp, Email","WhatsApp, Email"
2/23/2021 8:01:24,"Facebook, Instagram, Snapchat","Facebook, Instagram, Snapchat","WhatsApp, Email","WhatsApp, Email"
2/23/2021 8:01:35,"Facebook, Instagram, Pinterest","Facebook, Instagram, Pinterest","WhatsApp, Email","WhatsApp, Email"
2/23/2021 8:01:42,"Facebook, Instagram, Snapchat, Twitter, TikTok, Pinterest","Facebook, Instagram, Snapchat, Twitter, TikTok, Pinterest","WhatsApp, Email","WhatsApp, Email"
2/23/2021 8:01:45,"Facebook, Instagram","Facebook, Instagram","Messenger, WhatsApp","Messenger, WhatsApp, Email"
2/23/2021 8:01:48,"Facebook, Instagram","Facebook, Instagram",Email,Email
2/23/2021 8:01:50,"Facebook, Instagram, Snapchat, Twitter","Facebook, Instagram, Snapchat",Email,Email
2/23/2021 8:01:52,"Facebook, Instagram, Snapchat, Pinterest","Facebook, Instagram, Snapchat, Pinterest","Messenger, WhatsApp, Email","Messenger, WhatsApp, Email"
2/23/2021 8:01:55,"Instagram, Snapchat","Instagram, Snapchat, TikTok, Pinterest",,"WhatsApp, Email"
2/23/2021 8:01:58,"Instagram, Snapchat","Instagram, Snapchat","WhatsApp, Email","WhatsApp, Email"
2/23/2021 8:02:15,"Facebook, Instagram","Facebook, Instagram","Messenger, WhatsApp, Email","Messenger, WhatsApp, Email"
2/23/2021 8:02:20,"Facebook, Instagram, Pinterest","Facebook, Instagram, Pinterest","Messenger, WhatsApp, Email","Messenger, WhatsApp, Email"
2/23/2021 8:02:24,"Facebook, Instagram, Snapchat","Facebook, Instagram","WhatsApp, Email",WhatsApp
2/23/2021 8:02:42,"Instagram, Snapchat","Instagram, Snapchat","Messenger, WhatsApp, iMessage","Messenger, WhatsApp, iMessage"
2/23/2021 8:02:56,"Facebook, Instagram, Snapchat",Snapchat,"WhatsApp, Email","WhatsApp, Email"
2/23/2021 8:02:57,"Facebook, Instagram","Facebook, Instagram","WhatsApp, iMessage","WhatsApp, iMessage"
2/23/2021 8:03:00,"Facebook, Instagram","Facebook, Instagram",WhatsApp,"WhatsApp, Email"
2/23/2021 8:03:09,Instagram,Instagram,Email,
2/23/2021 8:03:19,"Facebook, Instagram","Facebook, Instagram, TikTok",Email,Email
2/23/2021 8:03:19,"Facebook, Instagram, TikTok, Pinterest","Facebook, Instagram, TikTok, Pinterest",,
2/23/2021 8:03:23,"Instagram, Pinterest","Instagram, Twitter, Pinterest","WhatsApp, Email","WhatsApp, Email, Google classroom"
2/23/2021 8:03:30,"Facebook, Instagram, Snapchat, Whatsapp","Facebook, Instagram, Whatsapp",Email,Email
2/23/2021 8:03:34,Instagram,Instagram,"WhatsApp, Email","WhatsApp, Email"
2/23/2021 8:03:37,"Facebook, Instagram","Facebook, Instagram","Messenger, WhatsApp, Email","Messenger, WhatsApp, Email"
2/23/2021 8:03:40,,"Facebook, Instagram",WhatsApp,WhatsApp
2/23/2021 8:03:43,"Instagram, Twitter","Instagram, Twitter","WhatsApp, Viber","WhatsApp, Viber"
2/23/2021 8:03:54,"Facebook, Instagram","Facebook, Instagram, Snapchat",WhatsApp,"WhatsApp, Email"
2/23/2021 8:04:02,"Facebook, Instagram, Pinterest","Facebook, Instagram, Pinterest","WhatsApp, Email","WhatsApp, Email"
2/23/2021 8:04:06,"Instagram, Snapchat, Twitter, TikTok, Pinterest","Instagram, Twitter, TikTok, Pinterest","WhatsApp, Email","WhatsApp, Email"
2/23/2021 8:04:07,"Facebook, Instagram, Snapchat, Pinterest, LinkedIn","Facebook, Instagram, Snapchat, Pinterest, LinkedIn","Messenger, WhatsApp, Email, Discord, iMessage","Messenger, WhatsApp, Email, Discord, iMessage"
2/23/2021 8:04:25,Instagram,Instagram,WhatsApp,WhatsApp
2/23/2021 8:04:27,"Facebook, Instagram, Snapchat","Facebook, Instagram, Snapchat",WhatsApp,"WhatsApp, Email"
2/23/2021 8:04:54,"Facebook, Instagram","Facebook, Instagram","WhatsApp, Email","Email, Google classroom"
2/23/2021 8:05:10,Instagram,Instagram,"Messenger, WhatsApp, Email","Messenger, WhatsApp, Email"
2/23/2021 8:05:39,"Instagram, Snapchat","Instagram, Snapchat","WhatsApp, Email","WhatsApp, Email"
2/23/2021 8:05:52,"Facebook, Instagram","Facebook, Instagram",WhatsApp,"WhatsApp, Email"
2/23/2021 8:06:04,"Facebook, Instagram, Snapchat","Facebook, Instagram, Snapchat","Messenger, WhatsApp, Email","WhatsApp, Email"
2/23/2021 8:06:09,"Facebook, Instagram","Facebook, Instagram, Snapchat","WhatsApp, Email","WhatsApp, Email"
2/23/2021 8:06:13,"Facebook, Instagram","Facebook, Instagram","Messenger, WhatsApp, Email, Discord","Messenger, WhatsApp, Email, Discord"
2/23/2021 8:06:17,"Facebook, Instagram","Facebook, Instagram","Messenger, WhatsApp, Email","Messenger, WhatsApp"
2/23/2021 8:06:21,"Instagram, Snapchat, Tumblr ","Instagram, Snapchat, Tumblr ","WhatsApp, Email","WhatsApp, Email, Google Classroom"
2/23/2021 8:06:26,Instagram,Instagram,"WhatsApp, Email, Discord, Google classroom","WhatsApp, Email, Discord, Google classroom"
2/23/2021 8:06:37,"Instagram, Snapchat","Instagram, Snapchat","WhatsApp, Email","WhatsApp, Email"
2/23/2021 8:07:00,"Facebook, Instagram",Instagram,"WhatsApp, Email, Discord","WhatsApp, Email"
2/23/2021 8:07:18,"Facebook, Instagram","Facebook, Instagram","Messenger, WhatsApp, Email","Messenger, WhatsApp, Email"
2/23/2021 8:07:22,"Facebook, Instagram","Facebook, Instagram","WhatsApp, Email","WhatsApp, Email"
2/23/2021 8:07:29,"Facebook, Instagram","Facebook, Instagram","Messenger, WhatsApp","Messenger, WhatsApp, Email"
2/23/2021 8:07:34,"Facebook, Instagram, Snapchat","Facebook, Instagram, Snapchat",WhatsApp,"WhatsApp, Email"
2/23/2021 8:07:45,"Facebook, Instagram, TikTok","Facebook, Instagram, TikTok","WhatsApp, Email","WhatsApp, Email"
2/23/2021 8:07:54,"Facebook, Instagram, Snapchat","Facebook, Instagram, Snapchat, TikTok, Pinterest",WhatsApp,"WhatsApp, Email"
2/23/2021 8:07:57,Instagram,Instagram,"WhatsApp, Email","WhatsApp, Email"
2/23/2021 8:07:57,"Facebook, Instagram","Facebook, Instagram, Snapchat, TikTok, Pinterest","Messenger, WhatsApp, Email, iMessage","Messenger, WhatsApp, Email, iMessage"
2/23/2021 8:08:06,Instagram,Instagram,WhatsApp,WhatsApp
2/23/2021 8:08:23,Facebook,"Facebook, Instagram","Messenger, WhatsApp, Email","Messenger, WhatsApp, Email"
2/23/2021 8:08:27,"Instagram, Snapchat, Pinterest","Instagram, Snapchat, Pinterest",WhatsApp,WhatsApp
2/23/2021 8:08:32,Instagram,Instagram,WhatsApp,"WhatsApp, Email"
2/23/2021 8:08:39,"Facebook, Instagram, Snapchat","Facebook, Instagram, Snapchat","Messenger, WhatsApp, Email","Messenger, WhatsApp, Email"
2/23/2021 8:08:56,Instagram,Instagram,WhatsApp,WhatsApp
2/23/2021 8:09:01,"Facebook, Instagram, Snapchat, Twitter, TikTok","Facebook, Instagram, Snapchat, Twitter, TikTok","Messenger, WhatsApp","Messenger, WhatsApp, Email"
2/23/2021 8:09:06,"Facebook, Instagram","Facebook, Instagram",Email,Email
2/23/2021 8:09:08,"Facebook, Instagram","Facebook, Instagram, Snapchat","WhatsApp, Email","WhatsApp, Email"
2/23/2021 8:09:31,"Facebook, Instagram, Snapchat, TikTok, Pinterest","Facebook, Instagram, Snapchat, TikTok, Pinterest","Messenger, WhatsApp, Email","Messenger, WhatsApp, Email"
2/23/2021 8:09:32,Instagram,Instagram,Email,Email
2/23/2021 8:10:01,"Facebook, Instagram, Snapchat","Facebook, Instagram, Snapchat, TikTok","Messenger, WhatsApp, Email, Zoom","Messenger, WhatsApp, Email"
2/23/2021 8:10:21,"Facebook, Instagram","Facebook, Instagram","Messenger, WhatsApp, Email","Messenger, WhatsApp, Email"
2/23/2021 8:10:26,"Facebook, Instagram, Snapchat","Facebook, Instagram, Snapchat","WhatsApp, Email","WhatsApp, Email"
2/23/2021 8:10:38,Instagram,Instagram,"Messenger, WhatsApp","Messenger, WhatsApp"
2/23/2021 8:10:43,"Facebook, Instagram, Snapchat","Facebook, Instagram, Snapchat",WhatsApp,"WhatsApp, Email"
2/23/2021 8:10:59,Instagram,Instagram,WhatsApp,WhatsApp
2/23/2021 8:11:10,"Facebook, Instagram","Facebook, Instagram",WhatsApp,WhatsApp
2/23/2021 8:11:10,"Instagram, Snapchat","Instagram, Snapchat","WhatsApp, Email","WhatsApp, Email"
2/23/2021 8:11:18,"Facebook, Instagram","Facebook, Instagram, Twitter, TikTok","Messenger, WhatsApp, Email","Messenger, WhatsApp, Email"
2/23/2021 8:11:23,"Facebook, Instagram, Snapchat, Twitter, Pinterest","Facebook, Instagram, Snapchat, Twitter, Pinterest","Messenger, WhatsApp, Email, Discord","Messenger, WhatsApp, Email, Discord"
2/23/2021 8:11:48,"Facebook, Instagram, Snapchat","Facebook, Instagram, Snapchat","WhatsApp, Email","WhatsApp, Email"
2/23/2021 8:11:51,"Facebook, Instagram, Snapchat, Pinterest","Facebook, Instagram, Snapchat, TikTok, Pinterest",Email,Email
2/23/2021 8:11:52,"Instagram, Snapchat, Twitter, Pinterest, Reddit","Instagram, Snapchat, Twitter, Pinterest, Reddit","WhatsApp, Email","WhatsApp, Email"
2/23/2021 8:11:55,"Facebook, Instagram, Snapchat, Twitter, TikTok, Pinterest","Facebook, Instagram, Snapchat","WhatsApp, iMessage","Messenger, WhatsApp, Email, iMessage"
2/23/2021 8:12:07,"Instagram, Snapchat, Pinterest",Instagram,"WhatsApp, Email","WhatsApp, Email"
2/23/2021 8:12:09,"Instagram, Snapchat","Instagram, Snapchat","WhatsApp, Email","WhatsApp, Email"
2/23/2021 8:12:21,"Facebook, Instagram","Facebook, Instagram, Snapchat","Messenger, WhatsApp, Email","Messenger, WhatsApp, Email"
2/23/2021 8:12:41,"Facebook, Instagram","Facebook, Instagram","WhatsApp, Email","WhatsApp, Email"
2/23/2021 8:12:46,"Facebook, Instagram, Snapchat","Facebook, Instagram, Snapchat, TikTok, Pinterest","Messenger, WhatsApp","Messenger, WhatsApp, Email"
2/23/2021 8:12:47,"Facebook, Instagram, Snapchat","Facebook, Instagram, Snapchat","WhatsApp, Email","WhatsApp, Email"
2/23/2021 8:12:53,"Facebook, Instagram, TikTok","Instagram, TikTok","WhatsApp, Email","WhatsApp, Email"
2/23/2021 8:13:34,"Facebook, Instagram, Snapchat","Facebook, Instagram, Snapchat",Email,"Email, Google classroom"
2/23/2021 8:13:35,"Facebook, Instagram, Snapchat","Facebook, Instagram, Snapchat","Messenger, WhatsApp, Email","Messenger, WhatsApp, Email"
2/23/2021 8:13:38,"Facebook, Instagram, Snapchat","Facebook, Instagram, Snapchat","WhatsApp, Email","WhatsApp, Email"
2/23/2021 8:13:46,"Facebook, Instagram, Twitter, Pinterest","Facebook, Instagram, Snapchat, TikTok, Pinterest","WhatsApp, Email","WhatsApp, Email"
2/23/2021 8:14:00,"Facebook, Instagram, Snapchat","Facebook, Instagram, Snapchat, TikTok, Pinterest",Email,Email
2/23/2021 8:14:21,"Facebook, Instagram, Pinterest","Facebook, Instagram, TikTok, Pinterest","WhatsApp, Email","WhatsApp, Email"
2/23/2021 8:14:26,"Facebook, Instagram, Snapchat","Facebook, Instagram, Snapchat","Messenger, WhatsApp, Email","Messenger, WhatsApp, Email"
2/23/2021 8:14:31,Instagram,Instagram,WhatsApp,WhatsApp
2/23/2021 8:14:44,Instagram,Instagram,WhatsApp,WhatsApp
2/23/2021 8:15:01,"Facebook, Instagram","Facebook, Instagram","WhatsApp, Email","WhatsApp, Email"
2/23/2021 8:15:05,"Facebook, Instagram, Snapchat, Twitter","Facebook, Instagram, Snapchat, Twitter, TikTok",Nijedan,Google clasroom
2/23/2021 8:15:12,"Instagram, Snapchat","Instagram, Snapchat","WhatsApp, iMessage","WhatsApp, Email, iMessage, Google classroom"
2/23/2021 8:15:21,"Instagram, Snapchat, TikTok","Instagram, Snapchat, TikTok","WhatsApp, Email, iMessage","WhatsApp, Email, iMessage"
2/23/2021 8:15:27,"Facebook, Instagram","Instagram, TikTok","WhatsApp, iMessage","WhatsApp, iMessage"
2/23/2021 8:15:32,"Facebook, Instagram, Snapchat","Facebook, Instagram, Snapchat","WhatsApp, Email","WhatsApp, Email, Google Classroom"
2/23/2021 8:15:41,Facebook,Facebook,Email,Email
2/23/2021 8:15:41,"Facebook, Instagram, Snapchat, TikTok, WeChat, Pinterest","Facebook, Instagram, Snapchat, TikTok, WeChat, Pinterest","WhatsApp, Email, iMessage","WhatsApp, Email, iMessage"
2/23/2021 8:15:52,Instagram,Instagram,WhatsApp,WhatsApp
2/23/2021 8:16:01,Instagram,Instagram,WhatsApp,Messenger
2/23/2021 8:16:08,Instagram,Instagram,WhatsApp,WhatsApp
2/23/2021 8:16:23,"Facebook, Instagram, Snapchat, Twitter","Facebook, Instagram, Snapchat, Twitter, TikTok","Messenger, WhatsApp, Email","Messenger, WhatsApp, Email"
2/23/2021 8:16:28,"Facebook, Instagram","Facebook, Instagram",Email,Email
2/23/2021 8:16:31,"Facebook, Instagram","Facebook, Instagram","Messenger, WhatsApp, Email","Messenger, WhatsApp, Email"
2/23/2021 8:17:08,"Facebook, Instagram, Snapchat, TikTok","Facebook, Instagram, Snapchat, TikTok","WhatsApp, Email","Messenger, WhatsApp, Email"
2/23/2021 8:17:29,"Facebook, Instagram","Facebook, Instagram","Messenger, WhatsApp","Email,  Google Class room"
2/23/2021 8:17:40,"Facebook, Instagram","Facebook, Instagram","WhatsApp, Email","WhatsApp, Email"
2/23/2021 8:17:42,"Instagram, Snapchat, Pinterest","Instagram, Snapchat, Pinterest","WhatsApp, Email, iMessage","Messenger, WhatsApp, Email, iMessage"
2/23/2021 8:17:59,Instagram,Instagram,WhatsApp,WhatsApp
2/23/2021 8:18:00,"Facebook, Instagram, Snapchat","Facebook, Instagram, Snapchat","Messenger, WhatsApp","Messenger, WhatsApp"
2/23/2021 8:18:03,"Facebook, Instagram","Facebook, Instagram",Email,Email
2/23/2021 8:18:27,"Facebook, Instagram, Snapchat, TikTok","Facebook, Instagram, Snapchat, TikTok",WhatsApp,"WhatsApp, Email"
2/23/2021 8:18:56,"Instagram, Snapchat, Pinterest","Instagram, Pinterest","WhatsApp, Email","WhatsApp, Email"
2/23/2021 8:19:04,"Facebook, Instagram, Pinterest","Facebook, Instagram, Pinterest",WhatsApp,WhatsApp
2/23/2021 8:19:25,Instagram,Instagram,"WhatsApp, Email","WhatsApp, Email"
2/23/2021 8:19:26,"Facebook, Instagram","Facebook, Instagram, LinkedIn","Messenger, WhatsApp","Messenger, WhatsApp, Email"
2/23/2021 8:19:27,"Instagram, Pinterest","Instagram, TikTok, Pinterest",WhatsApp,"WhatsApp, Email"
2/23/2021 8:19:41,"Facebook, Instagram, Snapchat, Twitter","Facebook, Instagram, Snapchat","Messenger, WhatsApp, Email","Messenger, WhatsApp, Email"
2/23/2021 8:19:43,"Facebook, Instagram, Twitter, TikTok","Facebook, Instagram, Twitter, TikTok","WhatsApp, Email","WhatsApp, Email"
2/23/2021 8:20:11,"Facebook, Instagram, Snapchat, Twitter","Facebook, Instagram, Snapchat, Twitter, TikTok","Messenger, WhatsApp, Email","Messenger, WhatsApp, Email"
2/23/2021 8:20:15,"Facebook, Instagram, Snapchat, Pinterest","Facebook, Instagram, Snapchat, Pinterest",Email,Email
2/23/2021 8:20:15,"Instagram, Snapchat","Instagram, Snapchat","WhatsApp, Email","WhatsApp, Email"
2/23/2021 8:21:06,"Facebook, Instagram","Facebook, Instagram","Messenger, WhatsApp, Email","Messenger, WhatsApp"
2/23/2021 8:21:08,Instagram,Instagram,"WhatsApp, Slack","WhatsApp, Email"
2/23/2021 8:21:23,"Facebook, Instagram, Snapchat, Twitter, TikTok, Pinterest","Facebook, Instagram, Snapchat, Twitter, TikTok, Pinterest","Messenger, WhatsApp, Email","Messenger, WhatsApp, Email"
2/23/2021 8:21:29,"Facebook, Instagram","Facebook, Instagram","Messenger, WhatsApp, Email","Messenger, WhatsApp, Email"
2/23/2021 8:21:37,"Facebook, Instagram, Snapchat, Twitter","Facebook, Instagram, Snapchat, Twitter, TikTok","Messenger, WhatsApp","Messenger, WhatsApp, Email"
2/23/2021 8:21:48,"Facebook, Instagram","Facebook, Instagram","WhatsApp, Email","Messenger, WhatsApp, Email"
2/23/2021 8:21:49,"Instagram, Snapchat, Whatsapp","Instagram, Snapchat, Whatsapp","WhatsApp, Email","WhatsApp, Email"
2/23/2021 8:22:24,Instagram,Instagram,"WhatsApp, Email","WhatsApp, Email"
2/23/2021 8:22:35,"Facebook, Instagram","Facebook, Instagram, Twitter","WhatsApp, Email","WhatsApp, Email"
2/23/2021 8:22:45,"Instagram, Snapchat, TikTok","Facebook, Instagram, Snapchat",WhatsApp,WhatsApp
2/23/2021 8:22:46,"Instagram, Snapchat, TikTok","Instagram, Snapchat, TikTok","WhatsApp, Email, Discord","WhatsApp, Email, Discord"
2/23/2021 8:22:54,"Instagram, Snapchat","Instagram, Snapchat","WhatsApp, Email","WhatsApp, Email"
2/23/2021 8:22:55,"Facebook, Instagram, Snapchat, Pinterest","Facebook, Instagram, Snapchat, Pinterest",google classroom,google classroom
2/23/2021 8:23:01,"Facebook, Instagram, Snapchat","Facebook, Instagram, Snapchat, TikTok","Messenger, WhatsApp, Email","Messenger, WhatsApp, Email"
2/23/2021 8:23:48,"Facebook, Instagram, Snapchat, Pinterest","Facebook, Instagram, Snapchat, Pinterest",Email,Email
2/23/2021 8:23:50,"Facebook, Instagram","Facebook, Instagram","Messenger, WhatsApp, Email, iMessage","Messenger, WhatsApp, Email, iMessage"
2/23/2021 8:24:33,"Facebook, Instagram","Facebook, Instagram",WhatsApp,WhatsApp
2/23/2021 8:24:34,"Instagram, Pinterest","Instagram, TikTok, Pinterest",WhatsApp,WhatsApp
2/23/2021 8:24:47,Instagram,Instagram,WhatsApp,WhatsApp
2/23/2021 8:26:11,"Facebook, Instagram, Twitter, LinkedIn","Facebook, Instagram, Twitter, LinkedIn","Messenger, WhatsApp, iMessage","Messenger, WhatsApp, iMessage"
2/23/2021 8:26:24,"Facebook, Instagram, Snapchat","Facebook, Instagram, Snapchat","Messenger, WhatsApp, Email","Messenger, WhatsApp, Email"
2/23/2021 8:26:52,"Instagram, Snapchat, Pinterest","Instagram, Snapchat, TikTok, Pinterest","WhatsApp, Email, iMessage","WhatsApp, Email, iMessage"
2/23/2021 8:27:01,"Facebook, Instagram","Facebook, Instagram, Twitter","Messenger, WhatsApp, Email","Messenger, WhatsApp, Email"
2/23/2021 8:27:20,"Facebook, Instagram, Pinterest","Facebook, Instagram, Snapchat, Twitter, TikTok, Pinterest","Messenger, WhatsApp","Messenger, WhatsApp, Email"
2/23/2021 8:27:25,,,,
2/23/2021 8:27:54,Instagram,"Facebook, Instagram, Snapchat",WhatsApp,WhatsApp
2/23/2021 8:28:05,Instagram,Instagram,Email,Email
2/23/2021 8:28:58,"Instagram, Snapchat, Pinterest","Instagram, Snapchat",WhatsApp,"WhatsApp, Email"
2/23/2021 8:30:01,"Instagram, Snapchat","Instagram, Snapchat",WhatsApp,"WhatsApp, Email"
2/23/2021 8:30:17,"Facebook, Instagram, Snapchat, Twitter, TikTok, Pinterest","Facebook, Instagram, Snapchat, Twitter, TikTok, Pinterest",WhatsApp,WhatsApp
2/23/2021 8:30:19,"Facebook, Instagram, Snapchat, TikTok","Facebook, Instagram, TikTok","WhatsApp, Email","WhatsApp, google classrom"
2/23/2021 8:30:49,"Facebook, Instagram","Facebook, Instagram","Messenger, WhatsApp","Messenger, WhatsApp"
2/23/2021 8:31:00,"Facebook, Instagram, Snapchat","Facebook, Instagram, Snapchat","Messenger, Email","WhatsApp, Email"
2/23/2021 8:31:08,"Facebook, Instagram, Snapchat, Twitter, Pinterest","Facebook, Instagram, Snapchat, Twitter, TikTok, Pinterest","WhatsApp, Email","WhatsApp, Email"
2/23/2021 8:31:12,Instagram,Instagram,WhatsApp,WhatsApp
2/23/2021 8:31:14,Instagram,Instagram,,Email
2/23/2021 8:31:38,"Facebook, Instagram, LinkedIn","Instagram, TikTok, LinkedIn","Messenger, WhatsApp, Email","Messenger, WhatsApp, Email"
2/23/2021 8:33:24,"Facebook, Instagram","Facebook, Instagram",WhatsApp,WhatsApp
2/23/2021 8:33:38,Instagram,Instagram,WhatsApp,WhatsApp
2/23/2021 8:33:50,"Facebook, Instagram","Facebook, Instagram","Messenger, WhatsApp, Email, iMessage","Messenger, WhatsApp"
2/23/2021 8:33:51,"Facebook, Instagram","Facebook, Instagram","WhatsApp, Email","WhatsApp, Email"
2/23/2021 8:34:04,"Facebook, Instagram","Facebook, Instagram, Snapchat",WhatsApp,WhatsApp
2/23/2021 8:34:04,"Facebook, Instagram","Facebook, Instagram","Messenger, WhatsApp, Email","Messenger, WhatsApp, Email"
2/23/2021 8:34:42,"Facebook, Instagram, Snapchat","Facebook, Instagram","Messenger, WhatsApp, Email","Messenger, WhatsApp, Email"
2/23/2021 8:34:48,"Facebook, Instagram, Pinterest","Facebook, Instagram, Pinterest",Email,Email
2/23/2021 8:35:05,"Instagram, Snapchat","Instagram, Snapchat",WhatsApp,WhatsApp
2/23/2021 8:35:22,"Facebook, Instagram, Snapchat","Facebook, Instagram, Snapchat",WhatsApp,WhatsApp
2/23/2021 8:35:54,"Facebook, Instagram","Facebook, Instagram",Email,Email
2/23/2021 8:36:32,"Facebook, Instagram","Facebook, Instagram","Slack, Google clasromm","Messenger, WhatsApp, Email"
2/23/2021 8:36:50,"Facebook, Instagram","Facebook, Instagram","Messenger, WhatsApp","Messenger, WhatsApp, Email"
2/23/2021 8:37:02,"Facebook, Instagram","Facebook, Instagram",WhatsApp,"WhatsApp, Email"
2/23/2021 8:37:04,"Instagram, Snapchat, Pinterest","Instagram, Snapchat, TikTok, Pinterest","WhatsApp, Email",
2/23/2021 8:37:40,"Instagram, Snapchat","Instagram, Snapchat","WhatsApp, Email","WhatsApp, Email"
2/23/2021 8:38:11,Instagram,Instagram,WhatsApp,WhatsApp
2/23/2021 8:38:25,"Facebook, Instagram, Snapchat, TikTok","Facebook, Instagram, Snapchat, TikTok","Messenger, WhatsApp, Email, Discord","Messenger, WhatsApp, Email, Discord"
2/23/2021 8:38:31,"Instagram, Snapchat, TikTok, Pinterest","Instagram, Snapchat, Twitter, TikTok, Pinterest","WhatsApp, Email","WhatsApp, Email"
2/23/2021 8:39:06,"Facebook, Instagram","Facebook, Instagram","Messenger, WhatsApp, Email","Messenger, WhatsApp, Email"
2/23/2021 8:39:17,"Facebook, Instagram","Facebook, Instagram","Messenger, WhatsApp, Email","Messenger, WhatsApp, Email"
2/23/2021 8:39:35,Instagram,"Facebook, Instagram",WhatsApp,WhatsApp
2/23/2021 8:39:40,"Facebook, Instagram","Facebook, Instagram","Messenger, WhatsApp","Messenger, WhatsApp"
2/23/2021 8:40:01,"Facebook, Instagram, Pinterest","Facebook, Instagram, Snapchat, Pinterest",WhatsApp,"WhatsApp, Email"
2/23/2021 8:40:14,"Facebook, Instagram, Snapchat","Facebook, Instagram, Snapchat","Messenger, WhatsApp, Email",Email
2/23/2021 8:40:16,"Facebook, Instagram","Facebook, Instagram",WhatsApp,"WhatsApp, Email"
2/23/2021 8:40:46,"Facebook, Instagram","Facebook, Instagram",Email,Email
2/23/2021 8:41:03,"Instagram, Snapchat","Instagram, Snapchat, Pinterest",WhatsApp,WhatsApp
2/23/2021 8:41:04,"Instagram, Snapchat, TikTok","Instagram, Snapchat, TikTok","WhatsApp, Email","WhatsApp, Email"
2/23/2021 8:41:07,"Snapchat, Pinterest","Snapchat, Pinterest",WhatsApp,WhatsApp
2/23/2021 8:41:14,"Facebook, Instagram","Facebook, Instagram, Pinterest","Messenger, WhatsApp, Email","WhatsApp, Email"
2/23/2021 8:41:35,"Instagram, Snapchat","Instagram, Snapchat, TikTok",WhatsApp,"WhatsApp, Email"
2/23/2021 8:41:41,"Instagram, Snapchat","Instagram, Snapchat, Twitter","WhatsApp, Email, iMessage","WhatsApp, Email, iMessage"
2/23/2021 8:41:57,"Facebook, Instagram, Snapchat","Facebook, Instagram, Snapchat, TikTok","Messenger, WhatsApp","Messenger, WhatsApp, Email"
2/23/2021 8:42:08,"Facebook, Instagram","Facebook, Instagram",Email,Email
2/23/2021 8:42:32,"Facebook, Instagram, Twitter, Pinterest","Facebook, Instagram, Twitter, Pinterest","WhatsApp, Email","WhatsApp, Email"
2/23/2021 8:42:36,"Facebook, Instagram",Instagram,"WhatsApp, Email",WhatsApp
2/23/2021 8:43:24,"Facebook, Instagram, Snapchat","Facebook, Instagram, Snapchat",google classroom,google classroom
2/23/2021 8:45:31,"Facebook, Instagram","Facebook, Instagram, Snapchat",WhatsApp,"WhatsApp, Email"
2/23/2021 8:48:07,"Facebook, Instagram, Youtube","Facebook, Instagram, Youtube","Email, Viber","WhatsApp, Email, Viber"
2/23/2021 8:48:22,,"Facebook, Instagram, Snapchat",,Email
2/23/2021 8:48:36,"Facebook, Instagram, Snapchat, TikTok, Pinterest","Facebook, Instagram, Snapchat, TikTok, Pinterest","WhatsApp, Email","WhatsApp, Email, Discord"
2/23/2021 8:49:35,"Facebook, Instagram","Facebook, Instagram","WhatsApp, Email","WhatsApp, Email"
2/23/2021 8:49:56,"Facebook, Instagram","Facebook, Instagram","WhatsApp, Email","WhatsApp, Email"
2/23/2021 8:49:58,"Facebook, Instagram, Snapchat","Facebook, Instagram, Snapchat, TikTok","WhatsApp, Email","WhatsApp, Email"
2/23/2021 8:50:14,"Facebook, Instagram, Pinterest","Facebook, Instagram, Pinterest","Messenger, WhatsApp, Email, iMessage","Messenger, WhatsApp, Email, iMessage"
2/23/2021 8:50:24,"Facebook, Instagram","Facebook, Instagram",WhatsApp,"WhatsApp, Email"
2/23/2021 8:50:32,"Facebook, Instagram, Snapchat","Facebook, Instagram, Snapchat",WhatsApp,"WhatsApp, Email"
2/23/2021 8:50:47,"Facebook, Instagram","Facebook, Instagram, Snapchat",Messenger,"WhatsApp, Email"
2/23/2021 8:50:54,"Instagram, Snapchat, Twitter","Instagram, Snapchat, Twitter, TikTok",WhatsApp,WhatsApp
2/23/2021 8:51:14,"Instagram, Snapchat","Instagram, Snapchat, TikTok","WhatsApp, iMessage","WhatsApp, Email, iMessage"
2/23/2021 8:51:24,"Facebook, Instagram","Facebook, Instagram","Messenger, WhatsApp, Email","Messenger, WhatsApp, Email"
2/23/2021 8:51:27,"Instagram, Snapchat",Instagram,WhatsApp,"WhatsApp, Email"
2/23/2021 8:51:27,"Facebook, Instagram","Facebook, Instagram, Snapchat","Messenger, WhatsApp, Email","Messenger, WhatsApp, Email"
2/23/2021 8:51:56,"Facebook, Instagram, Snapchat, Twitter","Facebook, Instagram, Snapchat, Twitter","Messenger, WhatsApp, Email, Viber","Messenger, WhatsApp, Email, Viber "
2/23/2021 8:52:12,"Instagram, Pinterest","Instagram, Pinterest","WhatsApp, Email","WhatsApp, Email"
2/23/2021 8:52:30,"Facebook, Instagram","Facebook, Instagram, Snapchat","Messenger, WhatsApp, Email","Messenger, WhatsApp, Email"
2/23/2021 8:52:54,"Facebook, Instagram, Snapchat","Facebook, Instagram, Snapchat, TikTok",Messenger,"Messenger, Email"
2/23/2021 8:53:05,"Facebook, Instagram, Snapchat","Facebook, Instagram, Snapchat, TikTok, Pinterest","WhatsApp, Email","WhatsApp, Email"
2/23/2021 8:53:08,"Facebook, Instagram, Pinterest","Facebook, Instagram, Pinterest","Messenger, WhatsApp, Email, iMessage","Messenger, WhatsApp, Email, iMessage"
2/23/2021 8:53:10,"Facebook, Instagram, Snapchat, Pinterest","Facebook, Instagram, Snapchat, Pinterest","Messenger, WhatsApp, Email, iMessage","Messenger, WhatsApp, Email, iMessage"
2/23/2021 8:53:46,"Facebook, Instagram","Facebook, Instagram","WhatsApp, Email","WhatsApp, Email"
2/23/2021 8:54:32,"Facebook, Instagram","Facebook, Instagram",WhatsApp,WhatsApp
2/23/2021 8:54:44,"Instagram, Pinterest","Instagram, TikTok, Pinterest",Email,Email
2/23/2021 8:54:47,"Facebook, Instagram, Snapchat","Facebook, Instagram, Snapchat","Messenger, WhatsApp","Messenger, WhatsApp"
2/23/2021 8:55:38,"Facebook, Instagram, Snapchat, Pinterest","Facebook, Instagram, Snapchat, Pinterest","Messenger, WhatsApp, Email","Messenger, WhatsApp, Email"
2/23/2021 8:55:58,"Facebook, Instagram","Facebook, Instagram","Messenger, WhatsApp","Messenger, WhatsApp"
2/23/2021 8:58:56,"Facebook, Instagram","Facebook, Instagram",Email,Email
2/23/2021 8:59:10,Snapchat,Instagram,"WhatsApp, Email","WhatsApp, Email"
2/23/2021 8:59:23,"Facebook, Instagram, Snapchat","Facebook, Instagram, Snapchat","WhatsApp, Email","WhatsApp, Email"
2/23/2021 8:59:27,"Facebook, Instagram","Facebook, Instagram","WhatsApp, Email","WhatsApp, Email"
2/23/2021 9:00:50,"Facebook, Instagram","Facebook, Instagram","Messenger, WhatsApp, Email","Messenger, WhatsApp, Email"
2/23/2021 9:02:43,Instagram,Instagram,"WhatsApp, Email",WhatsApp
2/23/2021 9:03:09,"Facebook, Instagram, Snapchat, TikTok, Pinterest","Facebook, Instagram, TikTok, Pinterest","Messenger, WhatsApp, Email","Messenger, WhatsApp, Email, Discord"
2/23/2021 9:03:12,Instagram,Instagram,"Messenger, WhatsApp, Email","Messenger, WhatsApp, Email"
2/23/2021 9:03:19,Instagram,Instagram,"WhatsApp, Email","WhatsApp, Email"
2/23/2021 9:03:31,"Facebook, Instagram, Snapchat","Facebook, Instagram, Snapchat","WhatsApp, Email","WhatsApp, Email"
2/23/2021 9:04:45,"Instagram, Pinterest",Instagram,WhatsApp,"WhatsApp, iMessage"
2/23/2021 9:05:19,"Facebook, Instagram, Snapchat, TikTok, Pinterest","Facebook, Instagram, Snapchat, TikTok, Pinterest",Nita od navedenog,Email
2/23/2021 9:05:21,"Facebook, Instagram, Snapchat","Facebook, Instagram, Snapchat",WhatsApp,WhatsApp
2/23/2021 9:06:01,"Facebook, Instagram, Pinterest","Facebook, Instagram, Pinterest","Messenger, WhatsApp","Messenger, WhatsApp, Email"
2/23/2021 9:06:06,"Facebook, Instagram","Facebook, Instagram",Email,Email
2/23/2021 9:06:38,"Facebook, Instagram, Snapchat, TikTok, Pinterest","Facebook, Instagram, Snapchat, TikTok, Pinterest",Nista od navedenog,"Email, Google clasroom"
2/23/2021 9:07:13,Instagram,"Instagram, Snapchat",WhatsApp,WhatsApp
2/23/2021 9:07:18,"Facebook, Instagram, Snapchat, Twitter","Facebook, Instagram, Twitter",Email,"Email, Google classroom"
2/23/2021 9:07:42,"Facebook, Instagram","Facebook, Instagram","Messenger, WhatsApp, iMessage","Messenger, WhatsApp, iMessage"
2/23/2021 9:07:58,Instagram,Instagram,WhatsApp,WhatsApp
2/23/2021 9:08:16,"Facebook, Instagram, Twitter","Facebook, Instagram, Snapchat, Twitter",,WhatsApp
2/23/2021 9:08:19,Instagram,"Instagram, TikTok",WhatsApp,WhatsApp
2/23/2021 9:08:35,"Facebook, Instagram","Facebook, Instagram, WeChat","Email, Google classroom","Email, Google classroom"
2/23/2021 9:10:21,"Facebook, Instagram","Facebook, Instagram, Twitter, TikTok","Messenger, Email","Messenger, Slack"
2/23/2021 9:10:23,"Facebook, Instagram","Facebook, Instagram","Messenger, WhatsApp, Email","Messenger, WhatsApp, Email"
2/23/2021 9:10:05,"Facebook, Instagram","Facebook, Instagram","WhatsApp, Email","WhatsApp, Email"
2/23/2021 9:10:56,"Facebook, Instagram","Facebook, Instagram","Messenger, WhatsApp, Email","Messenger, WhatsApp, Email"
2/23/2021 9:10:46,"Facebook, Instagram, Snapchat","Facebook, Instagram, Snapchat","WhatsApp, Email, iMessage","WhatsApp, Email, iMessage"
2/23/2021 9:10:58,"Facebook, Instagram","Facebook, Instagram, LinkedIn","WhatsApp, Email, Slack","WhatsApp, Email, Piazza"
2/23/2021 9:10:58,"Facebook, Instagram, Snapchat, Twitter","Instagram, Snapchat, Twitter","WhatsApp, Email, iMessage","WhatsApp, Email, iMessage"
2/23/2021 9:11:09,"Facebook, Instagram","Facebook, Instagram","WhatsApp, Email","WhatsApp, Email, Discord"
2/23/2021 9:11:17,"Facebook, Instagram, Snapchat","Facebook, Instagram, Snapchat","WhatsApp, Email","WhatsApp, Email"
2/23/2021 9:11:56,"Facebook, Instagram","Facebook, Instagram","Messenger, WhatsApp, Email","Messenger, WhatsApp, Email"
2/23/2021 9:12:36,"Instagram, Snapchat, TikTok","Instagram, Snapchat, TikTok","WhatsApp, Email",Email
2/23/2021 9:14:25,"Facebook, Instagram, Snapchat, Pinterest","Facebook, Instagram, Snapchat, TikTok, Pinterest","Messenger, WhatsApp, Email, iMessage","Messenger, WhatsApp, Email, iMessage"
2/23/2021 9:15:15,"Facebook, Instagram","Facebook, Instagram","WhatsApp, Email","WhatsApp, Email"
2/23/2021 9:15:23,"Instagram, Pinterest","Instagram, Pinterest","WhatsApp, Email","WhatsApp, Email, Google classroom"
2/23/2021 9:15:36,"Instagram, Snapchat","Instagram, Snapchat",WhatsApp,WhatsApp
2/23/2021 9:16:01,"Facebook, Instagram","Facebook, Instagram","Messenger, WhatsApp, Email","Messenger, WhatsApp, Email"
2/23/2021 9:16:12,"Facebook, Instagram, Snapchat, Pinterest","Facebook, Instagram, Snapchat, Pinterest","WhatsApp, Email","WhatsApp, Email, Google classroom"
2/23/2021 9:16:18,"Facebook, Instagram, Snapchat","Facebook, Instagram, Snapchat",WhatsApp,WhatsApp
2/23/2021 9:16:41,Instagram,Instagram,WhatsApp,"WhatsApp, Email, Discord"
2/23/2021 9:19:58,"Facebook, Instagram","Facebook, Instagram",Email,Email
2/23/2021 9:20:13,"Facebook, Instagram, Snapchat, Twitter","Facebook, Instagram, Snapchat, Twitter",Email,Email
2/23/2021 9:20:21,Instagram,Instagram,WhatsApp,WhatsApp
2/23/2021 9:20:45,"Facebook, Instagram, LinkedIn, Reddit","Facebook, Instagram, LinkedIn, Reddit","WhatsApp, Email, Discord","WhatsApp, Email, Discord, MS Teams"
2/23/2021 9:21:51,"Facebook, Instagram","Facebook, Instagram",WhatsApp,WhatsApp
2/23/2021 9:22:10,"Facebook, Instagram, Pinterest","Facebook, Instagram, Pinterest","Messenger, WhatsApp, Email","Messenger, WhatsApp, Email"
2/23/2021 9:22:34,"Facebook, Instagram","Facebook, Instagram",Email,Email
2/23/2021 9:23:04,"Instagram, Twitter","Instagram, Twitter, TikTok","WhatsApp, Email","WhatsApp, Email"
2/23/2021 9:23:07,"Facebook, Instagram, Pinterest","Facebook, Instagram, Pinterest","Messenger, WhatsApp, Email","Messenger, WhatsApp, Email"
2/23/2021 9:23:08,Instagram,Instagram,"WhatsApp, Email","WhatsApp, Email"
2/23/2021 9:23:54,Instagram,Instagram,WhatsApp,WhatsApp
2/23/2021 9:25:02,"Facebook, Instagram, Snapchat","Facebook, Instagram, Snapchat",WhatsApp,Email
2/23/2021 9:26:04,Instagram,Instagram,"WhatsApp, iMessage",Email
2/23/2021 9:26:05,"Facebook, Instagram","Facebook, Instagram",Email,Email
2/23/2021 9:26:20,"Instagram, Snapchat","Instagram, Snapchat",WhatsApp,"WhatsApp, Email"
2/23/2021 9:27:04,Instagram,"Instagram, Snapchat",WhatsApp,WhatsApp
2/23/2021 9:27:42,"Instagram, Snapchat, Pinterest","Instagram, Snapchat, Pinterest",,Email
2/23/2021 9:28:48,"Facebook, Instagram","Facebook, Instagram",WhatsApp,"WhatsApp, Moodle"
2/23/2021 9:29:25,"Facebook, Instagram, Pinterest","Facebook, Instagram, Pinterest","WhatsApp, Email","WhatsApp, Email"
2/23/2021 9:31:21,"Facebook, Instagram","Facebook, Instagram","Messenger, WhatsApp, Email","Messenger, WhatsApp, Email"
2/23/2021 9:31:36,"Facebook, Instagram, Snapchat","Facebook, Instagram","Messenger, WhatsApp, Email","Messenger, WhatsApp, Email"
2/23/2021 9:32:00,"Facebook, Instagram","Facebook, Instagram",WhatsApp,WhatsApp
2/23/2021 9:32:26,"Facebook, Instagram, Snapchat","Facebook, Instagram, Snapchat, Pinterest","Messenger, WhatsApp","Messenger, WhatsApp, Email"
2/23/2021 9:32:34,"Instagram, Snapchat, TikTok","Instagram, Snapchat, TikTok","WhatsApp, Email, iMessage","WhatsApp, Email"
2/23/2021 9:33:02,"Facebook, Instagram, Twitter","Facebook, Instagram, Twitter","Messenger, WhatsApp","Messenger, WhatsApp"
2/23/2021 9:34:39,"Facebook, Instagram, Pinterest","Facebook, Instagram, Snapchat, Pinterest","WhatsApp, Email","WhatsApp, Email, Google Classroom"
2/23/2021 9:35:00,"Instagram, Snapchat, Pinterest","Instagram, Snapchat, TikTok, Pinterest","WhatsApp, Email, Discord","WhatsApp, Email, Discord"
2/23/2021 9:36:27,"Facebook, Instagram","Facebook, Instagram, Snapchat",Email,Email
2/23/2021 9:36:43,"Facebook, Instagram","Facebook, Instagram","Messenger, WhatsApp, Email","Messenger, WhatsApp, Email"
2/23/2021 9:39:44,"Facebook, Instagram, Snapchat, Pinterest","Facebook, Instagram, Snapchat, Pinterest","Messenger, WhatsApp, Email","Messenger, WhatsApp, Email"
2/23/2021 9:40:30,"Facebook, Instagram","Facebook, Instagram",WhatsApp,WhatsApp
2/23/2021 9:41:00,"Facebook, Instagram, Snapchat","Facebook, Instagram, Snapchat","Messenger, WhatsApp, Email","Messenger, WhatsApp, Email"
2/23/2021 9:45:17,"Facebook, Instagram, Pinterest","Facebook, Instagram, Pinterest","WhatsApp, Email","WhatsApp, Email"
2/23/2021 9:47:10,"Facebook, Instagram, Snapchat","Facebook, Instagram, Snapchat","Messenger, WhatsApp, Email","Messenger, WhatsApp, Email"
2/23/2021 9:47:16,"Facebook, Instagram",Instagram,"WhatsApp, Email",WhatsApp
2/23/2021 9:48:14,"Facebook, Instagram","Facebook, Instagram","WhatsApp, Email","WhatsApp, Email"
2/23/2021 9:50:25,"Facebook, Instagram, Snapchat","Instagram, Snapchat",google classroom,google classroom
2/23/2021 9:49:48,"Instagram, Snapchat","Instagram, Snapchat",Email,Email
2/23/2021 9:49:48,"Instagram, Snapchat","Instagram, Snapchat",Messenger,"Messenger, WhatsApp, Email"
2/23/2021 9:51:25,"Facebook, Instagram, Snapchat","Facebook, Instagram, Snapchat",WhatsApp,WhatsApp
2/23/2021 9:53:25,"Facebook, Instagram, Snapchat","Facebook, Instagram, Snapchat","Messenger, WhatsApp","Messenger, WhatsApp, Email"
2/23/2021 9:53:48,"Facebook, Instagram","Facebook, Instagram, Snapchat","Messenger, WhatsApp","Messenger, WhatsApp"
2/23/2021 9:54:25,Instagram,"Instagram, TikTok","WhatsApp, Email","WhatsApp, Email"
2/23/2021 9:55:33,"Facebook, Instagram, Snapchat","Facebook, Instagram, Snapchat","WhatsApp, Email","Messenger, WhatsApp, Email"
2/23/2021 9:55:47,"Facebook, Instagram, Snapchat, Twitter","Facebook, Instagram, Snapchat, Twitter","WhatsApp, Email","WhatsApp, Email"
2/23/2021 9:57:10,"Facebook, Instagram, Snapchat","Facebook, Instagram, Snapchat","Messenger, WhatsApp, Email","Messenger, WhatsApp, Email"
2/23/2021 9:57:32,"Instagram, Snapchat","Instagram, Snapchat",WhatsApp,WhatsApp
2/23/2021 10:01:56,"Facebook, Instagram, Snapchat","Instagram, Snapchat, Twitter",WhatsApp,Email
2/23/2021 10:02:15,"Facebook, Instagram, Snapchat, Pinterest","Facebook, Instagram, TikTok, Pinterest","Messenger, WhatsApp, Email","Messenger, WhatsApp, Email"
2/23/2021 10:05:14,"Facebook, Instagram","Facebook, Instagram",Email,Email
2/23/2021 10:05:22,"Facebook, Instagram, Snapchat","Facebook, Instagram","Messenger, WhatsApp","Messenger, WhatsApp, Email"
2/23/2021 10:08:50,"Facebook, Instagram","Facebook, Instagram","WhatsApp, Email, Telegram","WhatsApp, Email, Telegram"
2/23/2021 10:12:44,"Facebook, Instagram, Snapchat","Facebook, Instagram, Snapchat",Email,Email
2/23/2021 10:16:49,Instagram,Instagram,Email,Email
2/23/2021 10:17:07,"Instagram, Snapchat, Pinterest","Instagram, Snapchat",WhatsApp,"WhatsApp, Email"
2/23/2021 10:18:27,"Facebook, Instagram, Snapchat, TikTok, Pinterest","Facebook, Instagram, Snapchat, TikTok, Pinterest",WhatsApp,WhatsApp
2/23/2021 10:19:28,"Facebook, Pinterest","Facebook, Instagram, Pinterest","Messenger, WhatsApp, Email","Messenger, WhatsApp, Email"
2/23/2021 10:20:29,"Instagram, TikTok","Instagram, Snapchat, TikTok",WhatsApp,WhatsApp
2/23/2021 10:25:54,"Facebook, Instagram, Snapchat, TikTok, Pinterest","Facebook, Instagram, Snapchat, TikTok, Pinterest","WhatsApp, Email","Messenger, WhatsApp, Email"
2/23/2021 10:26:15,Instagram,"Instagram, Snapchat",WhatsApp,WhatsApp
2/23/2021 10:26:43,"Facebook, Instagram, Snapchat","Facebook, Instagram, Snapchat, Twitter","Messenger, WhatsApp, Email","Messenger, WhatsApp, Email"
2/23/2021 10:31:33,"Facebook, Instagram, Pinterest","Facebook, Instagram, Pinterest","Messenger, WhatsApp","Messenger, WhatsApp, Email"
2/23/2021 10:31:45,"Facebook, Instagram, Snapchat, Pinterest","Facebook, Instagram, Snapchat, Pinterest","Messenger, WhatsApp, Email, iMessage","Messenger, WhatsApp, Email, iMessage"
2/23/2021 10:32:00,"Facebook, Instagram","Facebook, Instagram, Snapchat","Messenger, WhatsApp, Email","Messenger, WhatsApp, Email"
2/23/2021 10:32:40,Instagram,Instagram,"WhatsApp, Email","WhatsApp, Email"
2/23/2021 10:34:20,"Instagram, Pinterest","Instagram, Pinterest","WhatsApp, Email","WhatsApp, Email"
2/23/2021 10:34:29,"Instagram, Snapchat","Instagram, Snapchat","Messenger, WhatsApp, Email","WhatsApp, Email"
2/23/2021 10:36:31,"Facebook, Instagram","Facebook, Instagram",Email,Email
2/23/2021 10:38:41,"Facebook, Instagram, Snapchat","Facebook, Instagram, Snapchat","Messenger, WhatsApp, Email","Messenger, WhatsApp, Email, Google classroom "
2/23/2021 10:38:49,"Facebook, Instagram, Snapchat, Twitter, Pinterest","Facebook, Instagram, Snapchat, Twitter, TikTok, Pinterest",WhatsApp,"WhatsApp, Email, GroupMe"
2/23/2021 10:39:06,"Instagram, Snapchat, Pinterest","Instagram, Snapchat, TikTok, Pinterest","Messenger, WhatsApp, Email","Messenger, WhatsApp, Email"
2/23/2021 10:39:57,"Facebook, Instagram, Snapchat","Facebook, Instagram, Snapchat",WhatsApp,WhatsApp
2/23/2021 10:40:49,"Facebook, Instagram, Snapchat, Twitter","Facebook, Instagram, Snapchat, Twitter","WhatsApp, Email","WhatsApp, Email"
2/23/2021 10:42:28,"Facebook, Instagram, Snapchat","Facebook, Instagram, Snapchat",WhatsApp,"WhatsApp, Email"
2/23/2021 10:43:07,"Facebook, Instagram, Pinterest","Facebook, Instagram, Pinterest","Messenger, WhatsApp, Email","Messenger, WhatsApp, Email"
2/23/2021 10:54:25,Instagram,Instagram,"WhatsApp, Email, iMessage","WhatsApp, Email, iMessage"
2/23/2021 10:59:35,"Facebook, Instagram, Snapchat","Facebook, Instagram","Messenger, WhatsApp, Email","Messenger, WhatsApp, Email"
2/23/2021 11:02:26,"Facebook, Instagram, Snapchat, Pinterest","Facebook, Instagram, Snapchat, TikTok, Pinterest","Messenger, WhatsApp, Email, iMessage","Messenger, WhatsApp, Email, iMessage"
2/23/2021 11:02:41,Instagram,"Instagram, TikTok",WhatsApp,WhatsApp
2/23/2021 11:07:22,"Facebook, Instagram, Pinterest","Facebook, Instagram, Pinterest","Messenger, WhatsApp, Email, iMessage","Messenger, WhatsApp, Email, iMessage"
2/23/2021 11:08:43,"Instagram, Snapchat, TikTok","Instagram, Snapchat, TikTok","Messenger, WhatsApp, Email","Messenger, WhatsApp, Email"
2/23/2021 11:09:55,"Facebook, Instagram, TikTok","Facebook, Instagram, TikTok","Messenger, WhatsApp, Email","Messenger, WhatsApp, Email"
2/23/2021 11:11:28,Instagram,Instagram,Email,Email
2/23/2021 11:12:20,"Facebook, Instagram","Facebook, Instagram","Messenger, WhatsApp, Email","Messenger, WhatsApp, Email"
2/23/2021 11:15:02,"Instagram, Snapchat","Instagram, Snapchat","WhatsApp, Email",Email
2/23/2021 11:18:12,Instagram,Instagram,"WhatsApp, Email","WhatsApp, Email"
2/23/2021 11:20:40,"Facebook, Instagram, Snapchat, Pinterest","Facebook, Instagram, Snapchat, Pinterest","WhatsApp, Email, Google classroom","Messenger, WhatsApp, Google classroom"
2/23/2021 11:22:12,"Facebook, Instagram","Facebook, Instagram",WhatsApp,"WhatsApp, Google classroom "
2/23/2021 11:23:23,Instagram,,"WhatsApp, Email","WhatsApp, Email"
2/23/2021 11:23:49,"Facebook, Instagram, Snapchat","Facebook, Instagram, Snapchat","WhatsApp, Email","WhatsApp, Email, GroupMe, google meet"
2/23/2021 11:24:02,"Facebook, Instagram","Facebook, Instagram",Email,Email
2/23/2021 11:24:03,"Facebook, Instagram, Snapchat","Facebook, Instagram, Snapchat","Messenger, WhatsApp, Email","Messenger, WhatsApp, Email"
2/23/2021 11:24:31,Instagram,"Instagram, TikTok",WhatsApp,Google uionica
2/23/2021 11:28:48,"Instagram, Twitter, TikTok, Pinterest","Instagram, Twitter, TikTok, Pinterest","Messenger, WhatsApp","Messenger, WhatsApp, Discord"
2/23/2021 11:35:07,"Facebook, Instagram, Twitter, Pinterest, LinkedIn","Facebook, Instagram, Twitter, Pinterest, LinkedIn","WhatsApp, Email, Zoom","WhatsApp, Email, Zoom"
2/23/2021 11:36:52,"Instagram, Pinterest","Instagram, Pinterest","WhatsApp, iMessage","WhatsApp, Email, iMessage"
2/23/2021 11:37:55,"Facebook, Instagram, Snapchat","Facebook, Instagram, Snapchat","WhatsApp, Email","WhatsApp, Email"
2/23/2021 11:38:13,Facebook,Facebook,WhatsApp,"WhatsApp, Email, Discord"
2/23/2021 11:40:14,Instagram,Instagram,WhatsApp,WhatsApp
2/23/2021 11:42:28,"Facebook, Instagram","Facebook, Instagram","Messenger, WhatsApp, iMessage","Messenger, WhatsApp, iMessage"
2/23/2021 11:45:09,"Facebook, Instagram","Facebook, Instagram, TrendBlog","Messenger, WhatsApp, Email, Viber","Messenger, WhatsApp, Email, Viber"
2/23/2021 11:59:29,Instagram,Instagram,"WhatsApp, Email","WhatsApp, Email"
2/23/2021 12:03:13,"Facebook, Instagram, Snapchat","Facebook, Instagram, Snapchat","WhatsApp, Email","WhatsApp, Email"
2/23/2021 12:04:10,Instagram,"Instagram, Snapchat",WhatsApp,WhatsApp
2/23/2021 12:04:53,Instagram,Instagram,WhatsApp,"WhatsApp, Email"
2/23/2021 12:06:07,"Facebook, Instagram","Facebook, Instagram",Email,Email
2/23/2021 12:08:35,"Facebook, Instagram","Facebook, Instagram","WhatsApp, Email","WhatsApp, Email"
2/23/2021 12:13:50,"Facebook, Instagram, Pinterest","Facebook, Instagram, Pinterest","WhatsApp, Email","WhatsApp, Email, Google Classroom"
2/23/2021 12:21:46,Instagram,Instagram,WhatsApp,WhatsApp
2/23/2021 12:25:21,Facebook,Facebook,"Messenger, WhatsApp, Email, Viber","Messenger, WhatsApp, Email, Viber"
2/23/2021 12:44:14,Facebook,Facebook,,GroupMe
2/23/2021 12:45:25,"Facebook, Instagram",Facebook,"WhatsApp, iMessage","WhatsApp, Email, iMessage"
2/23/2021 12:45:26,"Facebook, Instagram, Pinterest","Facebook, Instagram, Pinterest","Messenger, WhatsApp, Email","Messenger, WhatsApp, Email"
2/23/2021 12:50:22,"Facebook, Instagram","Facebook, Instagram","Messenger, WhatsApp, Email, iMessage",Email
2/23/2021 12:50:42,"Facebook, Instagram, Snapchat, Twitter, TikTok","Facebook, Instagram, Snapchat, Twitter, TikTok, Pinterest","Messenger, WhatsApp, Email, iMessage","Messenger, WhatsApp, Email, iMessage"
2/23/2021 12:50:49,"Instagram, Pinterest","Instagram, Snapchat, Pinterest","Messenger, WhatsApp, Email","Messenger, WhatsApp, Email"
2/23/2021 12:52:14,"Facebook, Instagram, Snapchat, TikTok, WeChat","Facebook, Instagram, Snapchat, TikTok, WeChat","WhatsApp, Email","WhatsApp, Email"
2/23/2021 12:54:16,"Instagram, Snapchat, Pinterest","Instagram, Snapchat, Pinterest","WhatsApp, Email","WhatsApp, Email"
2/23/2021 12:55:31,Instagram,Instagram,WhatsApp,WhatsApp
2/23/2021 12:55:55,"Facebook, Instagram, Snapchat, Pinterest","Facebook, Instagram, Snapchat, Pinterest","Messenger, WhatsApp, Email, iMessage","Messenger, WhatsApp, Email, iMessage"
2/23/2021 13:02:14,"Instagram, Snapchat, TikTok, Pinterest","Instagram, Twitter, TikTok, Pinterest","WhatsApp, Email","WhatsApp, Email"
2/23/2021 13:08:03,"Instagram, Pinterest","Instagram, Snapchat, Pinterest",WhatsApp,WhatsApp
2/23/2021 13:08:51,"Facebook, Instagram","Facebook, Instagram, TikTok","WhatsApp, Email","WhatsApp, Email"
2/23/2021 13:10:39,"Instagram, Snapchat, Pinterest","Instagram, Snapchat, Pinterest",Email,"Messenger, WhatsApp, Email"
2/23/2021 13:12:00,"Facebook, Instagram","Facebook, Instagram","Messenger, WhatsApp, Email","Messenger, WhatsApp, Email, Zoom, google classroom"
2/23/2021 13:12:26,"Instagram, Snapchat, Pinterest","Instagram, Snapchat, Pinterest","WhatsApp, Email, Discord","WhatsApp, Email, Discord"
2/23/2021 13:12:51,Instagram,Instagram,"WhatsApp, Email","WhatsApp, Email"
2/23/2021 13:14:04,"Facebook, Instagram, Reddit","Facebook, Instagram, Reddit","Messenger, WhatsApp","Messenger, WhatsApp, Google classroom"
2/23/2021 13:30:54,"Instagram, TikTok, Pinterest","Instagram, TikTok, Pinterest","Messenger, WhatsApp, Email","WhatsApp, Email"
2/23/2021 13:31:43,"Facebook, Instagram, Snapchat, Twitter","Facebook, Twitter, TikTok, Pinterest","Messenger, Email, Slack, Piazza, GroupMe","Messenger, Email, Slack, Discord"
2/23/2021 13:35:21,"Instagram, Twitter","Instagram, Twitter",Edmodo,Google Classroom
2/23/2021 13:37:50,"Facebook, Instagram, Snapchat","Facebook, Instagram, Snapchat","WhatsApp, Email","WhatsApp, Email"
2/23/2021 13:39:12,Instagram,Instagram,WhatsApp,WhatsApp
2/23/2021 13:44:11,Instagram,Instagram,WhatsApp,WhatsApp
2/23/2021 13:49:58,"Facebook, Instagram","Facebook, Instagram","WhatsApp, Email","WhatsApp, Email, Zoom, Classroom"
2/23/2021 13:51:14,"Facebook, Instagram","Facebook, Instagram","WhatsApp, Email","WhatsApp, Email"
2/23/2021 13:52:44,"Facebook, Instagram, Snapchat","Facebook, Instagram, Snapchat","WhatsApp, Email, iMessage","WhatsApp, Email, iMessage"
2/23/2021 14:01:32,"Facebook, Instagram","Facebook, Instagram","Messenger, WhatsApp","Messenger, WhatsApp"
2/23/2021 14:13:06,"Facebook, Instagram, Pinterest","Facebook, Instagram, Snapchat, TikTok, Pinterest",WhatsApp,"WhatsApp, Email"
2/23/2021 14:13:32,Instagram,Instagram,WhatsApp,WhatsApp
2/23/2021 14:15:25,"Instagram, Reddit ","Instagram, Twitter, Reddit ","WhatsApp, Email, Discord","WhatsApp, Email"
2/23/2021 14:18:52,Hi <,Facebook,Messenger,Ed
2/23/2021 14:26:55,"Instagram, Twitter","Instagram, Twitter","WhatsApp, Email","WhatsApp, Email, google classroom"
2/23/2021 14:28:46,"Facebook, Instagram, Pinterest","Facebook, Instagram, Pinterest","WhatsApp, Email","WhatsApp, Email"
2/23/2021 14:48:03,"Facebook, Instagram, Snapchat","Facebook, Instagram, Snapchat, TikTok","Messenger, WhatsApp, Email","Messenger, WhatsApp, Email, Google classroom"
2/23/2021 15:00:43,"Facebook, Instagram, Snapchat","Facebook, Instagram, Snapchat, Twitter, TikTok, Pinterest","Messenger, WhatsApp","Messenger, WhatsApp, Email"
2/23/2021 15:02:27,Instagram,Instagram,Messenger,Messenger
2/23/2021 15:04:51,"Facebook, Instagram","Facebook, Instagram","WhatsApp, Email, Google Classroom","WhatsApp, Email, Google Clasroom"
2/23/2021 15:05:09,Facebook,"Facebook, Pinterest",WhatsApp,WhatsApp
2/23/2021 15:10:34,Twitter,"Facebook, Instagram, Twitter","WhatsApp, Email, iMessage, Viber","WhatsApp, Email, iMessage, Viber"
2/23/2021 15:12:15,Instagram,Instagram,Email,
2/23/2021 15:20:26,"Instagram, Snapchat, Pinterest","Instagram, Snapchat, TikTok, Pinterest","Messenger, WhatsApp, Email, iMessage","WhatsApp, Email, iMessage"
2/23/2021 15:36:01,"Facebook, Instagram, Snapchat, TikTok, Pinterest","Facebook, Instagram, Snapchat, Twitter, TikTok, Pinterest","Messenger, WhatsApp","WhatsApp, Email"
2/23/2021 15:36:46,Instagram,Instagram,WhatsApp,WhatsApp
2/23/2021 15:40:07,"Facebook, Instagram, Snapchat","Facebook, Instagram, Snapchat",WhatsApp,WhatsApp
2/23/2021 15:46:43,"Facebook, Instagram, Snapchat, Pinterest",Facebook,"Messenger, WhatsApp, Email","Messenger, WhatsApp, Email"
2/23/2021 15:49:13,"Facebook, Instagram, WhatsApp, Viber","Facebook, Instagram, WhatsApp, Viber","Messenger, WhatsApp, Email","Messenger, WhatsApp, Email"
2/23/2021 16:07:45,"Facebook, Instagram","Facebook, Instagram","Messenger, WhatsApp","Messenger, WhatsApp"
2/23/2021 16:08:27,"Facebook, Instagram","Facebook, Instagram","Messenger, WhatsApp, Email","Messenger, WhatsApp, Email"
2/23/2021 16:18:39,"Facebook, Instagram","Facebook, Instagram",WhatsApp,"WhatsApp, Email"
2/23/2021 16:21:16,"Facebook, Instagram, Snapchat, Twitter, TikTok, Pinterest","Facebook, Instagram, Snapchat, Twitter, TikTok, Pinterest","Messenger, WhatsApp, Email","Messenger, WhatsApp, Email"
2/23/2021 16:21:52,"Instagram, Snapchat, Pinterest","Instagram, Snapchat, Pinterest",Messenger,"WhatsApp, Email"
2/23/2021 16:54:27,"Facebook, Instagram, Pinterest","Facebook, Instagram, Pinterest","Messenger, WhatsApp, Email","Messenger, WhatsApp, Email"
2/23/2021 17:49:00,"Facebook, Instagram","Facebook, Instagram","Messenger, WhatsApp, Email","Messenger, WhatsApp, Email"
2/23/2021 18:05:35,Instagram,Instagram,WhatsApp,"WhatsApp, Email"
2/23/2021 18:22:11,"Instagram, Snapchat","Instagram, Snapchat, TikTok",WhatsApp,WhatsApp
2/23/2021 18:37:50,Instagram,"Instagram, Snapchat",Email,"WhatsApp, Email"
2/24/2021 0:15:31,"Facebook, Instagram, Pinterest","Facebook, Instagram, Pinterest","WhatsApp, Email","WhatsApp, Email"
2/24/2021 2:08:28,"Facebook, Instagram, Snapchat, Twitter, Pinterest","Facebook, Instagram, Snapchat, Twitter, TikTok, Pinterest",Email,Email
2/24/2021 3:04:39,"Facebook, Instagram","Facebook, Instagram","Messenger, WhatsApp, Email","Messenger, WhatsApp, Email"
2/24/2021 3:14:51,"Facebook, Instagram, Twitter, Pinterest","Facebook, Instagram, Twitter, Pinterest","Messenger, WhatsApp, Email","Messenger, WhatsApp, Email"
2/24/2021 3:15:27,Instagram,"Instagram, TikTok",WhatsApp,Email
2/24/2021 3:16:28,Instagram,Instagram,"Messenger, WhatsApp","Messenger, WhatsApp"
2/24/2021 3:17:02,"Facebook, Instagram, Snapchat","Facebook, Instagram, Snapchat","WhatsApp, Email","WhatsApp, Email"
2/24/2021 3:17:13,Instagram,Instagram,WhatsApp,WhatsApp
2/24/2021 3:17:23,"Facebook, Instagram, Snapchat","Facebook, Instagram, Snapchat","Messenger, WhatsApp, Email","Messenger, WhatsApp, Email"
2/24/2021 3:17:52,"Facebook, Instagram, Snapchat, Twitter, Pinterest","Instagram, Snapchat, TikTok","Messenger, WhatsApp","WhatsApp, Email"
2/24/2021 3:19:06,"Facebook, Instagram, LinkedIn","Facebook, Instagram",WhatsApp,WhatsApp
2/24/2021 3:19:51,"Instagram, Snapchat","Instagram, Snapchat, TikTok",google classroom ,google classroom 
2/24/2021 3:20:04,"Facebook, Instagram","Facebook, Instagram","Messenger, WhatsApp, Email","WhatsApp, Email"
2/24/2021 3:21:08,"Facebook, Instagram, LinkedIn","Facebook, Instagram, LinkedIn","Messenger, WhatsApp, Email","Messenger, WhatsApp, Email"
2/24/2021 3:21:25,"Facebook, Instagram, Snapchat, Twitter, Pinterest","Facebook, Instagram, Snapchat, Twitter, TikTok, Pinterest","Messenger, WhatsApp, Email, iMessage","Messenger, WhatsApp, Email, iMessage"
2/24/2021 3:22:14,"Facebook, Instagram","Facebook, Instagram","Messenger, WhatsApp","Messenger, WhatsApp"
2/24/2021 3:23:13,Facebook,Facebook,"WhatsApp, Email","WhatsApp, Email"
2/24/2021 3:24:04,"Instagram, Snapchat","Instagram, Snapchat","WhatsApp, Email","WhatsApp, Email"
2/24/2021 3:25:39,Instagram,Instagram,"WhatsApp, Email","WhatsApp, Email"
2/24/2021 3:25:46,"Facebook, Instagram","Facebook, Instagram","Messenger, WhatsApp, Email","Messenger, WhatsApp, Email"
2/24/2021 3:26:24,Instagram,Instagram,"WhatsApp, Email","WhatsApp, Email"
2/24/2021 3:26:17,"Facebook, Instagram, Snapchat","Facebook, Instagram, Snapchat","Messenger, WhatsApp","Messenger, WhatsApp, Email"
2/24/2021 3:26:52,"Facebook, Instagram","Facebook, Instagram","WhatsApp, Email","WhatsApp, Email"
2/24/2021 3:28:41,"Facebook, Instagram","Facebook, Instagram",WhatsApp,"WhatsApp, Google classroom "
2/24/2021 3:29:08,"Facebook, Instagram","Facebook, Instagram","WhatsApp, Email","WhatsApp, Email"
2/24/2021 3:30:18,"Facebook, Instagram","Facebook, Instagram, Snapchat","Messenger, WhatsApp",Email
2/24/2021 3:31:17,Instagram,Instagram,WhatsApp,WhatsApp
2/24/2021 3:31:21,"Facebook, Instagram","Facebook, Instagram",WhatsApp,WhatsApp
2/24/2021 3:31:45,"Facebook, Instagram","Facebook, Instagram",Email,Email
2/24/2021 3:32:18,"Facebook, Instagram","Facebook, Instagram, Twitter","WhatsApp, Email","WhatsApp, Email"
2/24/2021 3:33:18,Instagram,Instagram,"WhatsApp, Email",WhatsApp
2/24/2021 3:34:05,"Facebook, Instagram, Snapchat","Facebook, Instagram, Snapchat",Email,Email
2/24/2021 3:35:14,"Facebook, Instagram, Snapchat, Twitter, Pinterest","Facebook, Instagram, Snapchat, Twitter, Pinterest",WhatsApp,"WhatsApp, Email"
2/24/2021 3:37:17,"Facebook, Instagram, Snapchat","Facebook, Instagram, Snapchat","Messenger, WhatsApp, Email","Messenger, WhatsApp, Email"
2/24/2021 3:37:19,Instagram,Instagram,WhatsApp,WhatsApp
2/24/2021 3:37:33,"Instagram, Twitter, TikTok","Instagram, Twitter, TikTok","Messenger, WhatsApp, Facebook groups","Messenger, WhatsApp, Email, Facebook groups and Google Classroom"
2/24/2021 3:38:19,Instagram,Instagram,"WhatsApp, Email","WhatsApp, Email"
2/24/2021 3:38:36,"Facebook, Instagram, WeChat","Facebook, Instagram, WeChat","Messenger, WhatsApp","Messenger, WhatsApp"
2/24/2021 3:38:43,Instagram,Instagram,WhatsApp,"WhatsApp, Email"
2/24/2021 3:42:29,"Instagram, Snapchat","Instagram, Snapchat",WhatsApp,WhatsApp
2/24/2021 3:44:04,"Facebook, Instagram, Snapchat, Twitter","Facebook, Instagram, Snapchat, Twitter, TikTok","WhatsApp, Email","WhatsApp, Email"
2/24/2021 3:44:59,"Facebook, Instagram, Snapchat, Twitter","Facebook, Instagram, Snapchat, Twitter","Messenger, WhatsApp, Email","Messenger, WhatsApp, Email"
2/24/2021 3:44:54,Instagram,Instagram,"WhatsApp, Email","Messenger, WhatsApp"
2/24/2021 3:45:13,Instagram,Instagram,"WhatsApp, Email","WhatsApp, Email"
2/24/2021 3:46:01,"Facebook, Instagram","Facebook, Instagram","WhatsApp, Email","WhatsApp, Email"
2/24/2021 3:46:19,"Facebook, Instagram","Facebook, Instagram","Messenger, WhatsApp, Email","Messenger, WhatsApp, Email"
2/24/2021 3:48:52,"Instagram, Snapchat, ","Instagram, ",WhatsApp,"WhatsApp, Email, , "
2/24/2021 3:53:52,Instagram,Instagram,Email,Email
2/24/2021 3:55:47,"Facebook, Instagram, Pinterest","Facebook, Instagram, Snapchat, Pinterest","WhatsApp, Email","WhatsApp, Email"
2/24/2021 3:56:30,"Facebook, Instagram","Facebook, Instagram","Messenger, WhatsApp, Email","Messenger, WhatsApp, Email"
2/24/2021 3:56:51,"Facebook, Instagram","Facebook, Instagram","Messenger, WhatsApp, Email","Messenger, WhatsApp, Email"
2/24/2021 3:59:31,"Instagram, Snapchat","Instagram, Snapchat, Twitter, TikTok","WhatsApp, Email, iMessage","WhatsApp, Email, iMessage"
2/24/2021 3:59:57,"Instagram, Twitter","Instagram, Twitter, Pinterest",WhatsApp,WhatsApp
2/24/2021 4:00:07,"Facebook, Instagram","Facebook, Instagram","Messenger, WhatsApp, Email",Email
2/24/2021 4:00:59,"Facebook, Instagram","Facebook, Instagram, TikTok","Messenger, WhatsApp","Messenger, WhatsApp, Email"
2/24/2021 4:01:55,"Facebook, Instagram, Snapchat","Facebook, Instagram, Snapchat, TikTok","Messenger, WhatsApp, Email","Messenger, WhatsApp, Email"
2/24/2021 4:05:11,"Facebook, Instagram, Snapchat","Facebook, Instagram, Snapchat","WhatsApp, Email","WhatsApp, Email"
2/24/2021 4:12:42,"Facebook, Instagram, Pinterest","Facebook, Instagram, Pinterest","Messenger, WhatsApp, Email","Messenger, WhatsApp, Email"
2/24/2021 4:13:32,"Facebook, Instagram, Snapchat","Facebook, Instagram, TikTok",WhatsApp,"WhatsApp, Email"
2/24/2021 4:13:40,"Instagram, Snapchat","Instagram, Snapchat",WhatsApp,WhatsApp
2/24/2021 4:14:19,"Facebook, Instagram, Snapchat","Facebook, Instagram, Snapchat","WhatsApp, Email","WhatsApp, Email"
2/24/2021 4:15:24,Instagram,Instagram,"WhatsApp, Email","WhatsApp, Email"
2/24/2021 4:20:25,"Facebook, Instagram","Facebook, Instagram, Snapchat","WhatsApp, Email","WhatsApp, Email"
2/24/2021 4:23:18,"Facebook, Instagram, Twitter, Discord","Facebook, Instagram, Twitter, Discord","WhatsApp, Discord","WhatsApp, Discord"
2/24/2021 4:23:32,"Facebook, Instagram, Youtube","Facebook, Instagram, Youtube","Email, Google classroom","Email, Google classroom"
2/24/2021 4:23:43,"Facebook, Instagram","Instagram, TikTok",WhatsApp,"WhatsApp, Email"
2/24/2021 4:25:49,"Facebook, Instagram, Snapchat","Facebook, Instagram, Snapchat","WhatsApp, Email","WhatsApp, Email"
2/24/2021 4:26:40,"Facebook, Instagram","Facebook, Instagram","Messenger, WhatsApp, Email","Messenger, WhatsApp, Email"
2/24/2021 4:31:48,"Facebook, Instagram, Snapchat","Facebook, Instagram, Snapchat, TikTok","WhatsApp, Email","WhatsApp, Email"
2/24/2021 4:31:57,"Facebook, Instagram",,"Messenger, WhatsApp, Email","Messenger, WhatsApp, iMessage"
2/24/2021 4:33:05,"Facebook, Instagram, Snapchat","Facebook, Instagram, Snapchat","Messenger, WhatsApp, Email","Messenger, WhatsApp, Email"
2/24/2021 4:44:07,"Facebook, Instagram","Facebook, Instagram","Messenger, WhatsApp","Messenger, WhatsApp"
2/24/2021 4:46:33,"Facebook, Instagram, Snapchat, TikTok","Facebook, Instagram, Snapchat, TikTok","Messenger, WhatsApp, Email, iMessage","Messenger, WhatsApp, Email, iMessage"
2/24/2021 4:53:30,"Facebook, Instagram, Snapchat","Facebook, Instagram, Snapchat","Messenger, WhatsApp, Email","WhatsApp, Email"
2/24/2021 5:08:57,"Facebook, Instagram, Twitter, Pinterest","Facebook, Instagram, Twitter, TikTok, Pinterest","WhatsApp, Email, Classroom","WhatsApp, Email, Classroom "
2/24/2021 5:13:18,Instagram,Instagram,"WhatsApp, Email","WhatsApp, Email"
2/24/2021 5:13:53,"Instagram, Twitter","Instagram, Twitter","WhatsApp, Email, iMessage","WhatsApp, Email, iMessage"
2/24/2021 5:14:41,Instagram,Instagram,WhatsApp,Email
2/24/2021 5:18:32,"Instagram, Snapchat","Instagram, Snapchat",Email,Email
2/24/2021 5:20:47,Instagram,"Instagram, Twitter","WhatsApp, Email, Slack","WhatsApp, Email, Slack"
2/24/2021 5:22:08,,Instagram,,
2/24/2021 5:31:47,"Facebook, Instagram, Snapchat","Facebook, Instagram, Snapchat","WhatsApp, Email","WhatsApp, Email"
2/24/2021 5:35:03,"Facebook, Instagram","Facebook, Instagram","WhatsApp, Email","WhatsApp, Email"
2/24/2021 5:35:46,"Instagram, Snapchat, TikTok","Instagram, Snapchat, TikTok","Messenger, WhatsApp, Email","Messenger, WhatsApp, Email"
2/24/2021 5:49:49,"Facebook, Instagram","Facebook, Instagram","Messenger, WhatsApp, Email","Messenger, WhatsApp, Email"
2/24/2021 6:13:34,Instagram,"Instagram, TikTok, Pinterest",WhatsApp,WhatsApp
2/24/2021 6:19:44,"Instagram, Snapchat","Instagram, Snapchat",WhatsApp,"WhatsApp, Email"
2/24/2021 6:48:21,"Facebook, Instagram, Snapchat, Pinterest","Instagram, Snapchat, Pinterest","Messenger, WhatsApp, Email","WhatsApp, Email"
2/24/2021 6:49:58,"Facebook, Instagram","Facebook, Instagram","Messenger, WhatsApp, Email","Messenger, WhatsApp, Email"
2/24/2021 6:51:12,"Instagram, Snapchat","Instagram, Snapchat","WhatsApp, Email","WhatsApp, Email"
2/24/2021 6:51:35,"Facebook, Instagram, Snapchat, Pinterest","Facebook, Instagram, Snapchat, Pinterest","Messenger, WhatsApp, iMessage","Messenger, WhatsApp, Email, iMessage"
2/24/2021 6:55:11,"Instagram, Snapchat, LinkedIn","Instagram, Snapchat, Pinterest, LinkedIn",WhatsApp,WhatsApp
2/24/2021 6:57:58,"Facebook, Instagram","Facebook, Instagram","Messenger, WhatsApp, Email","Messenger, WhatsApp, Email"
2/24/2021 7:06:12,"Facebook, Instagram, Pinterest","Facebook, Instagram, Pinterest",Email,"Email, Google classroom"
2/24/2021 7:13:05,"Facebook, Instagram","Facebook, Instagram",WhatsApp,WhatsApp
2/24/2021 7:14:43,"Facebook, Instagram, Snapchat","Facebook, Instagram, Snapchat","Messenger, WhatsApp, Email","Messenger, WhatsApp, Email"
2/24/2021 7:27:21,"Facebook, Instagram, Snapchat","Facebook, Instagram, Snapchat","Messenger, WhatsApp, Email","Messenger, WhatsApp, Email"
2/24/2021 7:31:06,"Facebook, Instagram, Snapchat, Twitter, Pinterest","Facebook, Instagram, Snapchat, Twitter, Pinterest",WhatsApp,"WhatsApp, Email"
2/24/2021 7:33:12,Instagram,Instagram,"Messenger, WhatsApp, Email, iMessage","Messenger, WhatsApp, Email, iMessage"
2/24/2021 7:33:18,"Instagram, Snapchat","Instagram, Snapchat, TikTok","WhatsApp, Email","WhatsApp, Email"